basename,split
PNOA_2016_MAD_412-4490_ORT-CLA-RGB-with-NIR-las14.las,train
PNOA_2016_MAD_413-4489_ORT-CLA-RGB-with-NIR-las14.las,train
PNOA_2016_MAD_413-4490_ORT-CLA-RGB-with-NIR-las14.las,train
PNOA_2016_MAD_413-4491_ORT-CLA-RGB-with-NIR-las14.las,train
PNOA_2016_MAD_413-4493_ORT-CLA-RGB-with-NIR-las14.las,train
PNOA_2016_MAD_413-4494_ORT-CLA-RGB-with-NIR-las14.las,train
PNOA_2016_MAD_413-4507_ORT-CLA-RGB-with-NIR-las14.las,train
PNOA_2016_MAD_413-4508_ORT-CLA-RGB-with-NIR-las14.las,val
PNOA_2016_MAD_413-4509_ORT-CLA-RGB-with-NIR-las14.las,test
PNOA_2016_MAD_413-4510_ORT-CLA-RGB-with-NIR-las14.las,test
PNOA_2016_MAD_414-4489_ORT-CLA-RGB-with-NIR-las14.las,train
PNOA_2016_MAD_414-4490_ORT-CLA-RGB-with-NIR-las14.las,train
PNOA_2016_MAD_414-4491_ORT-CLA-RGB-with-NIR-las14.las,train
PNOA_2016_MAD_414-4492_ORT-CLA-RGB-with-NIR-las14.las,train
PNOA_2016_MAD_414-4493_ORT-CLA-RGB-with-NIR-las14.las,train
PNOA_2016_MAD_414-4494_ORT-CLA-RGB-with-NIR-las14.las,train
PNOA_2016_MAD_414-4506_ORT-CLA-RGB-with-NIR-las14.las,train
PNOA_2016_MAD_414-4507_ORT-CLA-RGB-with-NIR-las14.las,val
PNOA_2016_MAD_414-4508_ORT-CLA-RGB-with-NIR-las14.las,test
PNOA_2016_MAD_414-4509_ORT-CLA-RGB-with-NIR-las14.las,test
PNOA_2016_MAD_414-4510_ORT-CLA-RGB-with-NIR-las14.las,train
PNOA_2016_MAD_414-4511_ORT-CLA-RGB-with-NIR-las14.las,train
PNOA_2016_MAD_415-4489_ORT-CLA-RGB-with-NIR-las14.las,train
PNOA_2016_MAD_415-4490_ORT-CLA-RGB-with-NIR-las14.las,train
PNOA_2016_MAD_415-4491_ORT-CLA-RGB-with-NIR-las14.las,train
PNOA_2016_MAD_415-4492_ORT-CLA-RGB-with-NIR-las14.las,train
PNOA_2016_MAD_415-4493_ORT-CLA-RGB-with-NIR-las14.las,train
PNOA_2016_MAD_415-4494_ORT-CLA-RGB-with-NIR-las14.las,val
PNOA_2016_MAD_415-4495_ORT-CLA-RGB-with-NIR-las14.las,test
PNOA_2016_MAD_415-4496_ORT-CLA-RGB-with-NIR-las14.las,test
PNOA_2016_MAD_415-4506_ORT-CLA-RGB-with-NIR-las14.las,train
PNOA_2016_MAD_415-4507_ORT-CLA-RGB-with-NIR-las14.las,train
PNOA_2016_MAD_415-4508_ORT-CLA-RGB-with-NIR-las14.las,train
PNOA_2016_MAD_415-4509_ORT-CLA-RGB-with-NIR-las14.las,train
PNOA_2016_MAD_415-4510_ORT-CLA-RGB-with-NIR-las14.las,train
PNOA_2016_MAD_415-4511_ORT-CLA-RGB-with-NIR-las14.las,train
PNOA_2016_MAD_416-4491_ORT-CLA-RGB-with-NIR-las14.las,train
PNOA_2016_MAD_416-4492_ORT-CLA-RGB-with-NIR-las14.las,val
PNOA_2016_MAD_416-4493_ORT-CLA-RGB-with-NIR-las14.las,test
PNOA_2016_MAD_416-4494_ORT-CLA-RGB-with-NIR-las14.las,test
PNOA_2016_MAD_416-4495_ORT-CLA-RGB-with-NIR-las14.las,train
PNOA_2016_MAD_416-4496_ORT-CLA-RGB-with-NIR-las14.las,train
PNOA_2016_MAD_416-4506_ORT-CLA-RGB-with-NIR-las14.las,train
PNOA_2016_MAD_416-4507_ORT-CLA-RGB-with-NIR-las14.las,train
PNOA_2016_MAD_416-4509_ORT-CLA-RGB-with-NIR-las14.las,train
PNOA_2016_MAD_416-4510_ORT-CLA-RGB-with-NIR-las14.las,train
PNOA_2016_MAD_416-4511_ORT-CLA-RGB-with-NIR-las14.las,val
PNOA_2016_MAD_417-4492_ORT-CLA-RGB-with-NIR-las14.las,test
PNOA_2016_MAD_417-4494_ORT-CLA-RGB-with-NIR-las14.las,test
PNOA_2016_MAD_417-4495_ORT-CLA-RGB-with-NIR-las14.las,train
PNOA_2016_MAD_417-4506_ORT-CLA-RGB-with-NIR-las14.las,train
PNOA_2016_MAD_417-4507_ORT-CLA-RGB-with-NIR-las14.las,train
PNOA_2016_MAD_417-4508_ORT-CLA-RGB-with-NIR-las14.las,train
PNOA_2016_MAD_417-4509_ORT-CLA-RGB-with-NIR-las14.las,train
PNOA_2016_MAD_417-4510_ORT-CLA-RGB-with-NIR-las14.las,train
PNOA_2016_MAD_417-4511_ORT-CLA-RGB-with-NIR-las14.las,train
PNOA_2016_MAD_417-4528_ORT-CLA-RGB-with-NIR-las14.las,val
PNOA_2016_MAD_417-4529_ORT-CLA-RGB-with-NIR-las14.las,test
PNOA_2016_MAD_418-4506_ORT-CLA-RGB-with-NIR-las14.las,test
PNOA_2016_MAD_418-4507_ORT-CLA-RGB-with-NIR-las14.las,train
PNOA_2016_MAD_418-4508_ORT-CLA-RGB-with-NIR-las14.las,train
PNOA_2016_MAD_418-4509_ORT-CLA-RGB-with-NIR-las14.las,train
PNOA_2016_MAD_418-4510_ORT-CLA-RGB-with-NIR-las14.las,train
PNOA_2016_MAD_418-4511_ORT-CLA-RGB-with-NIR-las14.las,train
PNOA_2016_MAD_419-4506_ORT-CLA-RGB-with-NIR-las14.las,train
PNOA_2016_MAD_419-4507_ORT-CLA-RGB-with-NIR-las14.las,train
PNOA_2016_MAD_419-4508_ORT-CLA-RGB-with-NIR-las14.las,val
PNOA_2016_MAD_419-4509_ORT-CLA-RGB-with-NIR-las14.las,test
PNOA_2016_MAD_419-4510_ORT-CLA-RGB-with-NIR-las14.las,test
PNOA_2016_MAD_419-4511_ORT-CLA-RGB-with-NIR-las14.las,train
PNOA_2016_MAD_420-4505_ORT-CLA-RGB-with-NIR-las14.las,train
PNOA_2016_MAD_420-4506_ORT-CLA-RGB-with-NIR-las14.las,train
PNOA_2016_MAD_420-4507_ORT-CLA-RGB-with-NIR-las14.las,train
PNOA_2016_MAD_420-4508_ORT-CLA-RGB-with-NIR-las14.las,train
PNOA_2016_MAD_420-4509_ORT-CLA-RGB-with-NIR-las14.las,train
PNOA_2016_MAD_420-4510_ORT-CLA-RGB-with-NIR-las14.las,train
PNOA_2016_MAD_420-4511_ORT-CLA-RGB-with-NIR-las14.las,val
PNOA_2016_MAD_421-4505_ORT-CLA-RGB-with-NIR-las14.las,test
PNOA_2016_MAD_421-4506_ORT-CLA-RGB-with-NIR-las14.las,test
PNOA_2016_MAD_421-4507_ORT-CLA-RGB-with-NIR-las14.las,train
PNOA_2016_MAD_421-4508_ORT-CLA-RGB-with-NIR-las14.las,train
PNOA_2016_MAD_421-4509_ORT-CLA-RGB-with-NIR-las14.las,train
PNOA_2016_MAD_421-4510_ORT-CLA-RGB-with-NIR-las14.las,train
PNOA_2016_MAD_422-4506_ORT-CLA-RGB-with-NIR-las14.las,train
PNOA_2016_MAD_422-4507_ORT-CLA-RGB-with-NIR-las14.las,train
PNOA_2016_MAD_422-4508_ORT-CLA-RGB-with-NIR-las14.las,train
PNOA_2016_MAD_422-4509_ORT-CLA-RGB-with-NIR-las14.las,val
PNOA_2016_MAD_422-4510_ORT-CLA-RGB-with-NIR-las14.las,test
PNOA_2016_MAD_423-4507_ORT-CLA-RGB-with-NIR-las14.las,test
PNOA_2016_MAD_423-4508_ORT-CLA-RGB-with-NIR-las14.las,train
PNOA_2016_MAD_423-4509_ORT-CLA-RGB-with-NIR-las14.las,train
PNOA_2016_MAD_424-4464_ORT-CLA-RGB-with-NIR-las14.las,train
PNOA_2016_MAD_424-4465_ORT-CLA-RGB-with-NIR-las14.las,train
PNOA_2016_MAD_424-4466_ORT-CLA-RGB-with-NIR-las14.las,train
PNOA_2016_MAD_424-4507_ORT-CLA-RGB-with-NIR-las14.las,train
PNOA_2016_MAD_424-4508_ORT-CLA-RGB-with-NIR-las14.las,train
PNOA_2016_MAD_425-4462_ORT-CLA-RGB-with-NIR-las14.las,val
PNOA_2016_MAD_425-4463_ORT-CLA-RGB-with-NIR-las14.las,test
PNOA_2016_MAD_425-4464_ORT-CLA-RGB-with-NIR-las14.las,test
PNOA_2016_MAD_425-4465_ORT-CLA-RGB-with-NIR-las14.las,train
PNOA_2016_MAD_425-4466_ORT-CLA-RGB-with-NIR-las14.las,train
PNOA_2016_MAD_426-4462_ORT-CLA-RGB-with-NIR-las14.las,train
PNOA_2016_MAD_426-4463_ORT-CLA-RGB-with-NIR-las14.las,train
PNOA_2016_MAD_426-4464_ORT-CLA-RGB-with-NIR-las14.las,train
PNOA_2016_MAD_426-4465_ORT-CLA-RGB-with-NIR-las14.las,train
PNOA_2016_MAD_426-4466_ORT-CLA-RGB-with-NIR-las14.las,train
PNOA_2016_MAD_426-4467_ORT-CLA-RGB-with-NIR-las14.las,val
PNOA_2016_MAD_427-4462_ORT-CLA-RGB-with-NIR-las14.las,test
PNOA_2016_MAD_427-4464_ORT-CLA-RGB-with-NIR-las14.las,test
PNOA_2016_MAD_427-4465_ORT-CLA-RGB-with-NIR-las14.las,train
PNOA_2016_MAD_427-4466_ORT-CLA-RGB-with-NIR-las14.las,train
PNOA_2016_MAD_427-4467_ORT-CLA-RGB-with-NIR-las14.las,train
PNOA_2016_MAD_427-4468_ORT-CLA-RGB-with-NIR-las14.las,train
PNOA_2016_MAD_428-4461_ORT-CLA-RGB-with-NIR-las14.las,train
PNOA_2016_MAD_428-4462_ORT-CLA-RGB-with-NIR-las14.las,train
PNOA_2016_MAD_428-4463_ORT-CLA-RGB-with-NIR-las14.las,train
PNOA_2016_MAD_428-4464_ORT-CLA-RGB-with-NIR-las14.las,val
PNOA_2016_MAD_428-4465_ORT-CLA-RGB-with-NIR-las14.las,test
PNOA_2016_MAD_428-4466_ORT-CLA-RGB-with-NIR-las14.las,test
PNOA_2016_MAD_428-4467_ORT-CLA-RGB-with-NIR-las14.las,train
PNOA_2016_MAD_428-4468_ORT-CLA-RGB-with-NIR-las14.las,train
PNOA_2016_MAD_429-4460_ORT-CLA-RGB-with-NIR-las14.las,train
PNOA_2016_MAD_429-4461_ORT-CLA-RGB-with-NIR-las14.las,train
PNOA_2016_MAD_429-4462_ORT-CLA-RGB-with-NIR-las14.las,train
PNOA_2016_MAD_429-4463_ORT-CLA-RGB-with-NIR-las14.las,train
PNOA_2016_MAD_429-4464_ORT-CLA-RGB-with-NIR-las14.las,train
PNOA_2016_MAD_429-4465_ORT-CLA-RGB-with-NIR-las14.las,val
PNOA_2016_MAD_429-4466_ORT-CLA-RGB-with-NIR-las14.las,test
PNOA_2016_MAD_429-4467_ORT-CLA-RGB-with-NIR-las14.las,test
PNOA_2016_MAD_429-4468_ORT-CLA-RGB-with-NIR-las14.las,train
PNOA_2016_MAD_430-4459_ORT-CLA-RGB-with-NIR-las14.las,train
PNOA_2016_MAD_430-4460_ORT-CLA-RGB-with-NIR-las14.las,train
PNOA_2016_MAD_430-4461_ORT-CLA-RGB-with-NIR-las14.las,train
PNOA_2016_MAD_430-4462_ORT-CLA-RGB-with-NIR-las14.las,train
PNOA_2016_MAD_430-4463_ORT-CLA-RGB-with-NIR-las14.las,train
PNOA_2016_MAD_430-4464_ORT-CLA-RGB-with-NIR-las14.las,train
PNOA_2016_MAD_430-4465_ORT-CLA-RGB-with-NIR-las14.las,val
PNOA_2016_MAD_430-4466_ORT-CLA-RGB-with-NIR-las14.las,test
PNOA_2016_MAD_430-4467_ORT-CLA-RGB-with-NIR-las14.las,test
PNOA_2016_MAD_430-4468_ORT-CLA-RGB-with-NIR-las14.las,train
PNOA_2016_MAD_430-4469_ORT-CLA-RGB-with-NIR-las14.las,train
PNOA_2016_MAD_431-4459_ORT-CLA-RGB-with-NIR-las14.las,train
PNOA_2016_MAD_431-4460_ORT-CLA-RGB-with-NIR-las14.las,train
PNOA_2016_MAD_431-4461_ORT-CLA-RGB-with-NIR-las14.las,train
PNOA_2016_MAD_431-4462_ORT-CLA-RGB-with-NIR-las14.las,train
PNOA_2016_MAD_431-4463_ORT-CLA-RGB-with-NIR-las14.las,train
PNOA_2016_MAD_431-4464_ORT-CLA-RGB-with-NIR-las14.las,val
PNOA_2016_MAD_431-4465_ORT-CLA-RGB-with-NIR-las14.las,test
PNOA_2016_MAD_431-4466_ORT-CLA-RGB-with-NIR-las14.las,test
PNOA_2016_MAD_431-4467_ORT-CLA-RGB-with-NIR-las14.las,train
PNOA_2016_MAD_431-4468_ORT-CLA-RGB-with-NIR-las14.las,train
PNOA_2016_MAD_431-4469_ORT-CLA-RGB-with-NIR-las14.las,train
PNOA_2016_MAD_431-4470_ORT-CLA-RGB-with-NIR-las14.las,train
PNOA_2016_MAD_432-4459_ORT-CLA-RGB-with-NIR-las14.las,train
PNOA_2016_MAD_432-4460_ORT-CLA-RGB-with-NIR-las14.las,train
PNOA_2016_MAD_432-4461_ORT-CLA-RGB-with-NIR-las14.las,train
PNOA_2016_MAD_432-4462_ORT-CLA-RGB-with-NIR-las14.las,val
PNOA_2016_MAD_432-4463_ORT-CLA-RGB-with-NIR-las14.las,test
PNOA_2016_MAD_432-4464_ORT-CLA-RGB-with-NIR-las14.las,test
PNOA_2016_MAD_432-4465_ORT-CLA-RGB-with-NIR-las14.las,train
PNOA_2016_MAD_432-4466_ORT-CLA-RGB-with-NIR-las14.las,train
PNOA_2016_MAD_432-4467_ORT-CLA-RGB-with-NIR-las14.las,train
PNOA_2016_MAD_432-4468_ORT-CLA-RGB-with-NIR-las14.las,train
PNOA_2016_MAD_432-4469_ORT-CLA-RGB-with-NIR-las14.las,train
PNOA_2016_MAD_432-4470_ORT-CLA-RGB-with-NIR-las14.las,train
PNOA_2016_MAD_432-4471_ORT-CLA-RGB-with-NIR-las14.las,train
PNOA_2016_MAD_432-4499_ORT-CLA-RGB-with-NIR-las14.las,val
PNOA_2016_MAD_432-4500_ORT-CLA-RGB-with-NIR-las14.las,test
PNOA_2016_MAD_432-4501_ORT-CLA-RGB-with-NIR-las14.las,test
PNOA_2016_MAD_432-4502_ORT-CLA-RGB-with-NIR-las14.las,train
PNOA_2016_MAD_433-4459_ORT-CLA-RGB-with-NIR-las14.las,train
PNOA_2016_MAD_433-4460_ORT-CLA-RGB-with-NIR-las14.las,train
PNOA_2016_MAD_433-4461_ORT-CLA-RGB-with-NIR-las14.las,train
PNOA_2016_MAD_433-4462_ORT-CLA-RGB-with-NIR-las14.las,train
PNOA_2016_MAD_433-4463_ORT-CLA-RGB-with-NIR-las14.las,train
PNOA_2016_MAD_433-4464_ORT-CLA-RGB-with-NIR-las14.las,train
PNOA_2016_MAD_433-4465_ORT-CLA-RGB-with-NIR-las14.las,val
PNOA_2016_MAD_433-4466_ORT-CLA-RGB-with-NIR-las14.las,test
PNOA_2016_MAD_433-4467_ORT-CLA-RGB-with-NIR-las14.las,test
PNOA_2016_MAD_433-4468_ORT-CLA-RGB-with-NIR-las14.las,train
PNOA_2016_MAD_433-4469_ORT-CLA-RGB-with-NIR-las14.las,train
PNOA_2016_MAD_433-4470_ORT-CLA-RGB-with-NIR-las14.las,train
PNOA_2016_MAD_433-4471_ORT-CLA-RGB-with-NIR-las14.las,train
PNOA_2016_MAD_433-4472_ORT-CLA-RGB-with-NIR-las14.las,train
PNOA_2016_MAD_433-4499_ORT-CLA-RGB-with-NIR-las14.las,train
PNOA_2016_MAD_433-4500_ORT-CLA-RGB-with-NIR-las14.las,train
PNOA_2016_MAD_433-4501_ORT-CLA-RGB-with-NIR-las14.las,val
PNOA_2016_MAD_433-4502_ORT-CLA-RGB-with-NIR-las14.las,test
PNOA_2016_MAD_433-4503_ORT-CLA-RGB-with-NIR-las14.las,test
PNOA_2016_MAD_433-4504_ORT-CLA-RGB-with-NIR-las14.las,train
PNOA_2016_MAD_433-4505_ORT-CLA-RGB-with-NIR-las14.las,train
PNOA_2016_MAD_434-4459_ORT-CLA-RGB-with-NIR-las14.las,train
PNOA_2016_MAD_434-4460_ORT-CLA-RGB-with-NIR-las14.las,train
PNOA_2016_MAD_434-4461_ORT-CLA-RGB-with-NIR-las14.las,train
PNOA_2016_MAD_434-4462_ORT-CLA-RGB-with-NIR-las14.las,train
PNOA_2016_MAD_434-4463_ORT-CLA-RGB-with-NIR-las14.las,train
PNOA_2016_MAD_434-4464_ORT-CLA-RGB-with-NIR-las14.las,val
PNOA_2016_MAD_434-4465_ORT-CLA-RGB-with-NIR-las14.las,test
PNOA_2016_MAD_434-4466_ORT-CLA-RGB-with-NIR-las14.las,test
PNOA_2016_MAD_434-4467_ORT-CLA-RGB-with-NIR-las14.las,train
PNOA_2016_MAD_434-4468_ORT-CLA-RGB-with-NIR-las14.las,train
PNOA_2016_MAD_434-4469_ORT-CLA-RGB-with-NIR-las14.las,train
PNOA_2016_MAD_434-4470_ORT-CLA-RGB-with-NIR-las14.las,train
PNOA_2016_MAD_434-4471_ORT-CLA-RGB-with-NIR-las14.las,train
PNOA_2016_MAD_434-4472_ORT-CLA-RGB-with-NIR-las14.las,train
PNOA_2016_MAD_434-4473_ORT-CLA-RGB-with-NIR-las14.las,train
PNOA_2016_MAD_434-4499_ORT-CLA-RGB-with-NIR-las14.las,val
PNOA_2016_MAD_434-4500_ORT-CLA-RGB-with-NIR-las14.las,test
PNOA_2016_MAD_434-4501_ORT-CLA-RGB-with-NIR-las14.las,test
PNOA_2016_MAD_434-4502_ORT-CLA-RGB-with-NIR-las14.las,train
PNOA_2016_MAD_434-4503_ORT-CLA-RGB-with-NIR-las14.las,train
PNOA_2016_MAD_434-4504_ORT-CLA-RGB-with-NIR-las14.las,train
PNOA_2016_MAD_434-4505_ORT-CLA-RGB-with-NIR-las14.las,train
PNOA_2016_MAD_435-4459_ORT-CLA-RGB-with-NIR-las14.las,train
PNOA_2016_MAD_435-4460_ORT-CLA-RGB-with-NIR-las14.las,train
PNOA_2016_MAD_435-4461_ORT-CLA-RGB-with-NIR-las14.las,train
PNOA_2016_MAD_435-4462_ORT-CLA-RGB-with-NIR-las14.las,val
PNOA_2016_MAD_435-4463_ORT-CLA-RGB-with-NIR-las14.las,test
PNOA_2016_MAD_435-4464_ORT-CLA-RGB-with-NIR-las14.las,test
PNOA_2016_MAD_435-4465_ORT-CLA-RGB-with-NIR-las14.las,train
PNOA_2016_MAD_435-4466_ORT-CLA-RGB-with-NIR-las14.las,train
PNOA_2016_MAD_435-4467_ORT-CLA-RGB-with-NIR-las14.las,train
PNOA_2016_MAD_435-4468_ORT-CLA-RGB-with-NIR-las14.las,train
PNOA_2016_MAD_435-4469_ORT-CLA-RGB-with-NIR-las14.las,train
PNOA_2016_MAD_435-4470_ORT-CLA-RGB-with-NIR-las14.las,train
PNOA_2016_MAD_435-4471_ORT-CLA-RGB-with-NIR-las14.las,train
PNOA_2016_MAD_435-4472_ORT-CLA-RGB-with-NIR-las14.las,val
PNOA_2016_MAD_435-4473_ORT-CLA-RGB-with-NIR-las14.las,test
PNOA_2016_MAD_435-4481_ORT-CLA-RGB-with-NIR-las14.las,test
PNOA_2016_MAD_435-4482_ORT-CLA-RGB-with-NIR-las14.las,train
PNOA_2016_MAD_435-4499_ORT-CLA-RGB-with-NIR-las14.las,train
PNOA_2016_MAD_435-4500_ORT-CLA-RGB-with-NIR-las14.las,train
PNOA_2016_MAD_435-4501_ORT-CLA-RGB-with-NIR-las14.las,train
PNOA_2016_MAD_435-4502_ORT-CLA-RGB-with-NIR-las14.las,train
PNOA_2016_MAD_435-4503_ORT-CLA-RGB-with-NIR-las14.las,train
PNOA_2016_MAD_435-4504_ORT-CLA-RGB-with-NIR-las14.las,train
PNOA_2016_MAD_436-4459_ORT-CLA-RGB-with-NIR-las14.las,val
PNOA_2016_MAD_436-4460_ORT-CLA-RGB-with-NIR-las14.las,test
PNOA_2016_MAD_436-4461_ORT-CLA-RGB-with-NIR-las14.las,test
PNOA_2016_MAD_436-4462_ORT-CLA-RGB-with-NIR-las14.las,train
PNOA_2016_MAD_436-4463_ORT-CLA-RGB-with-NIR-las14.las,train
PNOA_2016_MAD_436-4464_ORT-CLA-RGB-with-NIR-las14.las,train
PNOA_2016_MAD_436-4465_ORT-CLA-RGB-with-NIR-las14.las,train
PNOA_2016_MAD_436-4466_ORT-CLA-RGB-with-NIR-las14.las,train
PNOA_2016_MAD_436-4467_ORT-CLA-RGB-with-NIR-las14.las,train
PNOA_2016_MAD_436-4468_ORT-CLA-RGB-with-NIR-las14.las,train
PNOA_2016_MAD_436-4469_ORT-CLA-RGB-with-NIR-las14.las,val
PNOA_2016_MAD_436-4470_ORT-CLA-RGB-with-NIR-las14.las,test
PNOA_2016_MAD_436-4471_ORT-CLA-RGB-with-NIR-las14.las,test
PNOA_2016_MAD_436-4472_ORT-CLA-RGB-with-NIR-las14.las,train
PNOA_2016_MAD_436-4473_ORT-CLA-RGB-with-NIR-las14.las,train
PNOA_2016_MAD_436-4474_ORT-CLA-RGB-with-NIR-las14.las,train
PNOA_2016_MAD_436-4479_ORT-CLA-RGB-with-NIR-las14.las,train
PNOA_2016_MAD_436-4480_ORT-CLA-RGB-with-NIR-las14.las,train
PNOA_2016_MAD_436-4481_ORT-CLA-RGB-with-NIR-las14.las,train
PNOA_2016_MAD_436-4482_ORT-CLA-RGB-with-NIR-las14.las,train
PNOA_2016_MAD_436-4483_ORT-CLA-RGB-with-NIR-las14.las,val
PNOA_2016_MAD_436-4500_ORT-CLA-RGB-with-NIR-las14.las,test
PNOA_2016_MAD_436-4501_ORT-CLA-RGB-with-NIR-las14.las,test
PNOA_2016_MAD_436-4502_ORT-CLA-RGB-with-NIR-las14.las,train
PNOA_2016_MAD_436-4503_ORT-CLA-RGB-with-NIR-las14.las,train
PNOA_2016_MAD_436-4504_ORT-CLA-RGB-with-NIR-las14.las,train
PNOA_2016_MAD_437-4459_ORT-CLA-RGB-with-NIR-las14.las,train
PNOA_2016_MAD_437-4460_ORT-CLA-RGB-with-NIR-las14.las,train
PNOA_2016_MAD_437-4461_ORT-CLA-RGB-with-NIR-las14.las,train
PNOA_2016_MAD_437-4462_ORT-CLA-RGB-with-NIR-las14.las,train
PNOA_2016_MAD_437-4463_ORT-CLA-RGB-with-NIR-las14.las,val
PNOA_2016_MAD_437-4464_ORT-CLA-RGB-with-NIR-las14.las,test
PNOA_2016_MAD_437-4465_ORT-CLA-RGB-with-NIR-las14.las,test
PNOA_2016_MAD_437-4466_ORT-CLA-RGB-with-NIR-las14.las,train
PNOA_2016_MAD_437-4467_ORT-CLA-RGB-with-NIR-las14.las,train
PNOA_2016_MAD_437-4468_ORT-CLA-RGB-with-NIR-las14.las,train
PNOA_2016_MAD_437-4469_ORT-CLA-RGB-with-NIR-las14.las,train
PNOA_2016_MAD_437-4470_ORT-CLA-RGB-with-NIR-las14.las,train
PNOA_2016_MAD_437-4471_ORT-CLA-RGB-with-NIR-las14.las,train
PNOA_2016_MAD_437-4472_ORT-CLA-RGB-with-NIR-las14.las,train
PNOA_2016_MAD_437-4473_ORT-CLA-RGB-with-NIR-las14.las,val
PNOA_2016_MAD_437-4474_ORT-CLA-RGB-with-NIR-las14.las,test
PNOA_2016_MAD_437-4476_ORT-CLA-RGB-with-NIR-las14.las,test
PNOA_2016_MAD_437-4477_ORT-CLA-RGB-with-NIR-las14.las,train
PNOA_2016_MAD_437-4478_ORT-CLA-RGB-with-NIR-las14.las,train
PNOA_2016_MAD_437-4479_ORT-CLA-RGB-with-NIR-las14.las,train
PNOA_2016_MAD_437-4480_ORT-CLA-RGB-with-NIR-las14.las,train
PNOA_2016_MAD_437-4481_ORT-CLA-RGB-with-NIR-las14.las,train
PNOA_2016_MAD_437-4482_ORT-CLA-RGB-with-NIR-las14.las,train
PNOA_2016_MAD_437-4483_ORT-CLA-RGB-with-NIR-las14.las,train
PNOA_2016_MAD_438-4459_ORT-CLA-RGB-with-NIR-las14.las,val
PNOA_2016_MAD_438-4460_ORT-CLA-RGB-with-NIR-las14.las,test
PNOA_2016_MAD_438-4461_ORT-CLA-RGB-with-NIR-las14.las,test
PNOA_2016_MAD_438-4462_ORT-CLA-RGB-with-NIR-las14.las,train
PNOA_2016_MAD_438-4463_ORT-CLA-RGB-with-NIR-las14.las,train
PNOA_2016_MAD_438-4464_ORT-CLA-RGB-with-NIR-las14.las,train
PNOA_2016_MAD_438-4465_ORT-CLA-RGB-with-NIR-las14.las,train
PNOA_2016_MAD_438-4466_ORT-CLA-RGB-with-NIR-las14.las,train
PNOA_2016_MAD_438-4467_ORT-CLA-RGB-with-NIR-las14.las,train
PNOA_2016_MAD_438-4468_ORT-CLA-RGB-with-NIR-las14.las,train
PNOA_2016_MAD_438-4469_ORT-CLA-RGB-with-NIR-las14.las,val
PNOA_2016_MAD_438-4470_ORT-CLA-RGB-with-NIR-las14.las,test
PNOA_2016_MAD_438-4471_ORT-CLA-RGB-with-NIR-las14.las,test
PNOA_2016_MAD_438-4472_ORT-CLA-RGB-with-NIR-las14.las,train
PNOA_2016_MAD_438-4473_ORT-CLA-RGB-with-NIR-las14.las,train
PNOA_2016_MAD_438-4474_ORT-CLA-RGB-with-NIR-las14.las,train
PNOA_2016_MAD_438-4475_ORT-CLA-RGB-with-NIR-las14.las,train
PNOA_2016_MAD_438-4476_ORT-CLA-RGB-with-NIR-las14.las,train
PNOA_2016_MAD_438-4477_ORT-CLA-RGB-with-NIR-las14.las,train
PNOA_2016_MAD_438-4478_ORT-CLA-RGB-with-NIR-las14.las,train
PNOA_2016_MAD_438-4479_ORT-CLA-RGB-with-NIR-las14.las,val
PNOA_2016_MAD_438-4480_ORT-CLA-RGB-with-NIR-las14.las,test
PNOA_2016_MAD_438-4481_ORT-CLA-RGB-with-NIR-las14.las,test
PNOA_2016_MAD_438-4482_ORT-CLA-RGB-with-NIR-las14.las,train
PNOA_2016_MAD_438-4483_ORT-CLA-RGB-with-NIR-las14.las,train
PNOA_2016_MAD_438-4484_ORT-CLA-RGB-with-NIR-las14.las,train
PNOA_2016_MAD_439-4459_ORT-CLA-RGB-with-NIR-las14.las,train
PNOA_2016_MAD_439-4460_ORT-CLA-RGB-with-NIR-las14.las,train
PNOA_2016_MAD_439-4461_ORT-CLA-RGB-with-NIR-las14.las,train
PNOA_2016_MAD_439-4462_ORT-CLA-RGB-with-NIR-las14.las,train
PNOA_2016_MAD_439-4463_ORT-CLA-RGB-with-NIR-las14.las,val
PNOA_2016_MAD_439-4464_ORT-CLA-RGB-with-NIR-las14.las,test
PNOA_2016_MAD_439-4465_ORT-CLA-RGB-with-NIR-las14.las,test
PNOA_2016_MAD_439-4466_ORT-CLA-RGB-with-NIR-las14.las,train
PNOA_2016_MAD_439-4467_ORT-CLA-RGB-with-NIR-las14.las,train
PNOA_2016_MAD_439-4468_ORT-CLA-RGB-with-NIR-las14.las,train
PNOA_2016_MAD_439-4469_ORT-CLA-RGB-with-NIR-las14.las,train
PNOA_2016_MAD_439-4470_ORT-CLA-RGB-with-NIR-las14.las,train
PNOA_2016_MAD_439-4471_ORT-CLA-RGB-with-NIR-las14.las,train
PNOA_2016_MAD_439-4472_ORT-CLA-RGB-with-NIR-las14.las,train
PNOA_2016_MAD_439-4473_ORT-CLA-RGB-with-NIR-las14.las,val
PNOA_2016_MAD_439-4474_ORT-CLA-RGB-with-NIR-las14.las,test
PNOA_2016_MAD_439-4475_ORT-CLA-RGB-with-NIR-las14.las,test
PNOA_2016_MAD_439-4476_ORT-CLA-RGB-with-NIR-las14.las,train
PNOA_2016_MAD_439-4477_ORT-CLA-RGB-with-NIR-las14.las,train
PNOA_2016_MAD_439-4478_ORT-CLA-RGB-with-NIR-las14.las,train
PNOA_2016_MAD_439-4479_ORT-CLA-RGB-with-NIR-las14.las,train
PNOA_2016_MAD_439-4480_ORT-CLA-RGB-with-NIR-las14.las,train
PNOA_2016_MAD_439-4481_ORT-CLA-RGB-with-NIR-las14.las,train
PNOA_2016_MAD_439-4482_ORT-CLA-RGB-with-NIR-las14.las,train
PNOA_2016_MAD_439-4483_ORT-CLA-RGB-with-NIR-las14.las,val
PNOA_2016_MAD_439-4484_ORT-CLA-RGB-with-NIR-las14.las,test
PNOA_2016_MAD_439-4485_ORT-CLA-RGB-with-NIR-las14.las,test
PNOA_2016_MAD_440-4459_ORT-CLA-RGB-with-NIR-las14.las,train
PNOA_2016_MAD_440-4460_ORT-CLA-RGB-with-NIR-las14.las,train
PNOA_2016_MAD_440-4461_ORT-CLA-RGB-with-NIR-las14.las,train
PNOA_2016_MAD_440-4462_ORT-CLA-RGB-with-NIR-las14.las,train
PNOA_2016_MAD_440-4463_ORT-CLA-RGB-with-NIR-las14.las,train
PNOA_2016_MAD_440-4464_ORT-CLA-RGB-with-NIR-las14.las,train
PNOA_2016_MAD_440-4465_ORT-CLA-RGB-with-NIR-las14.las,train
PNOA_2016_MAD_440-4466_ORT-CLA-RGB-with-NIR-las14.las,val
PNOA_2016_MAD_440-4467_ORT-CLA-RGB-with-NIR-las14.las,test
PNOA_2016_MAD_440-4468_ORT-CLA-RGB-with-NIR-las14.las,test
PNOA_2016_MAD_440-4469_ORT-CLA-RGB-with-NIR-las14.las,train
PNOA_2016_MAD_440-4470_ORT-CLA-RGB-with-NIR-las14.las,train
PNOA_2016_MAD_440-4471_ORT-CLA-RGB-with-NIR-las14.las,train
PNOA_2016_MAD_440-4472_ORT-CLA-RGB-with-NIR-las14.las,train
PNOA_2016_MAD_440-4473_ORT-CLA-RGB-with-NIR-las14.las,train
PNOA_2016_MAD_440-4474_ORT-CLA-RGB-with-NIR-las14.las,train
PNOA_2016_MAD_440-4475_ORT-CLA-RGB-with-NIR-las14.las,train
PNOA_2016_MAD_440-4477_ORT-CLA-RGB-with-NIR-las14.las,val
PNOA_2016_MAD_440-4478_ORT-CLA-RGB-with-NIR-las14.las,test
PNOA_2016_MAD_440-4479_ORT-CLA-RGB-with-NIR-las14.las,test
PNOA_2016_MAD_440-4480_ORT-CLA-RGB-with-NIR-las14.las,train
PNOA_2016_MAD_440-4481_ORT-CLA-RGB-with-NIR-las14.las,train
PNOA_2016_MAD_440-4482_ORT-CLA-RGB-with-NIR-las14.las,train
PNOA_2016_MAD_440-4483_ORT-CLA-RGB-with-NIR-las14.las,train
PNOA_2016_MAD_440-4484_ORT-CLA-RGB-with-NIR-las14.las,train
PNOA_2016_MAD_440-4485_ORT-CLA-RGB-with-NIR-las14.las,train
PNOA_2016_MAD_440-4486_ORT-CLA-RGB-with-NIR-las14.las,train
PNOA_2016_MAD_441-4459_ORT-CLA-RGB-with-NIR-las14.las,val
PNOA_2016_MAD_441-4460_ORT-CLA-RGB-with-NIR-las14.las,test
PNOA_2016_MAD_441-4461_ORT-CLA-RGB-with-NIR-las14.las,test
PNOA_2016_MAD_441-4462_ORT-CLA-RGB-with-NIR-las14.las,train
PNOA_2016_MAD_441-4463_ORT-CLA-RGB-with-NIR-las14.las,train
PNOA_2016_MAD_441-4464_ORT-CLA-RGB-with-NIR-las14.las,train
PNOA_2016_MAD_441-4465_ORT-CLA-RGB-with-NIR-las14.las,train
PNOA_2016_MAD_441-4466_ORT-CLA-RGB-with-NIR-las14.las,train
PNOA_2016_MAD_441-4467_ORT-CLA-RGB-with-NIR-las14.las,train
PNOA_2016_MAD_441-4468_ORT-CLA-RGB-with-NIR-las14.las,train
PNOA_2016_MAD_441-4469_ORT-CLA-RGB-with-NIR-las14.las,val
PNOA_2016_MAD_441-4470_ORT-CLA-RGB-with-NIR-las14.las,test
PNOA_2016_MAD_441-4471_ORT-CLA-RGB-with-NIR-las14.las,test
PNOA_2016_MAD_441-4472_ORT-CLA-RGB-with-NIR-las14.las,train
PNOA_2016_MAD_441-4473_ORT-CLA-RGB-with-NIR-las14.las,train
PNOA_2016_MAD_441-4474_ORT-CLA-RGB-with-NIR-las14.las,train
PNOA_2016_MAD_441-4475_ORT-CLA-RGB-with-NIR-las14.las,train
PNOA_2016_MAD_441-4476_ORT-CLA-RGB-with-NIR-las14.las,train
PNOA_2016_MAD_441-4477_ORT-CLA-RGB-with-NIR-las14.las,train
PNOA_2016_MAD_441-4478_ORT-CLA-RGB-with-NIR-las14.las,train
PNOA_2016_MAD_441-4479_ORT-CLA-RGB-with-NIR-las14.las,val
PNOA_2016_MAD_441-4480_ORT-CLA-RGB-with-NIR-las14.las,test
PNOA_2016_MAD_441-4481_ORT-CLA-RGB-with-NIR-las14.las,test
PNOA_2016_MAD_441-4482_ORT-CLA-RGB-with-NIR-las14.las,train
PNOA_2016_MAD_441-4483_ORT-CLA-RGB-with-NIR-las14.las,train
PNOA_2016_MAD_441-4484_ORT-CLA-RGB-with-NIR-las14.las,train
PNOA_2016_MAD_441-4485_ORT-CLA-RGB-with-NIR-las14.las,train
PNOA_2016_MAD_441-4486_ORT-CLA-RGB-with-NIR-las14.las,train
PNOA_2016_MAD_442-4460_ORT-CLA-RGB-with-NIR-las14.las,train
PNOA_2016_MAD_442-4461_ORT-CLA-RGB-with-NIR-las14.las,train
PNOA_2016_MAD_442-4462_ORT-CLA-RGB-with-NIR-las14.las,val
PNOA_2016_MAD_442-4463_ORT-CLA-RGB-with-NIR-las14.las,test
PNOA_2016_MAD_442-4464_ORT-CLA-RGB-with-NIR-las14.las,test
PNOA_2016_MAD_442-4465_ORT-CLA-RGB-with-NIR-las14.las,train
PNOA_2016_MAD_442-4466_ORT-CLA-RGB-with-NIR-las14.las,train
PNOA_2016_MAD_442-4467_ORT-CLA-RGB-with-NIR-las14.las,train
PNOA_2016_MAD_442-4468_ORT-CLA-RGB-with-NIR-las14.las,train
PNOA_2016_MAD_442-4469_ORT-CLA-RGB-with-NIR-las14.las,train
PNOA_2016_MAD_442-4470_ORT-CLA-RGB-with-NIR-las14.las,train
PNOA_2016_MAD_442-4471_ORT-CLA-RGB-with-NIR-las14.las,train
PNOA_2016_MAD_442-4472_ORT-CLA-RGB-with-NIR-las14.las,val
PNOA_2016_MAD_442-4473_ORT-CLA-RGB-with-NIR-las14.las,test
PNOA_2016_MAD_442-4474_ORT-CLA-RGB-with-NIR-las14.las,test
PNOA_2016_MAD_442-4475_ORT-CLA-RGB-with-NIR-las14.las,train
PNOA_2016_MAD_442-4476_ORT-CLA-RGB-with-NIR-las14.las,train
PNOA_2016_MAD_442-4477_ORT-CLA-RGB-with-NIR-las14.las,train
PNOA_2016_MAD_442-4478_ORT-CLA-RGB-with-NIR-las14.las,train
PNOA_2016_MAD_442-4479_ORT-CLA-RGB-with-NIR-las14.las,train
PNOA_2016_MAD_442-4480_ORT-CLA-RGB-with-NIR-las14.las,train
PNOA_2016_MAD_442-4481_ORT-CLA-RGB-with-NIR-las14.las,train
PNOA_2016_MAD_442-4482_ORT-CLA-RGB-with-NIR-las14.las,val
PNOA_2016_MAD_442-4483_ORT-CLA-RGB-with-NIR-las14.las,test
PNOA_2016_MAD_442-4484_ORT-CLA-RGB-with-NIR-las14.las,test
PNOA_2016_MAD_442-4485_ORT-CLA-RGB-with-NIR-las14.las,train
PNOA_2016_MAD_442-4486_ORT-CLA-RGB-with-NIR-las14.las,train
PNOA_2016_MAD_443-4461_ORT-CLA-RGB-with-NIR-las14.las,train
PNOA_2016_MAD_443-4462_ORT-CLA-RGB-with-NIR-las14.las,train
PNOA_2016_MAD_443-4463_ORT-CLA-RGB-with-NIR-las14.las,train
PNOA_2016_MAD_443-4464_ORT-CLA-RGB-with-NIR-las14.las,train
PNOA_2016_MAD_443-4465_ORT-CLA-RGB-with-NIR-las14.las,train
PNOA_2016_MAD_443-4466_ORT-CLA-RGB-with-NIR-las14.las,val
PNOA_2016_MAD_443-4467_ORT-CLA-RGB-with-NIR-las14.las,test
PNOA_2016_MAD_443-4468_ORT-CLA-RGB-with-NIR-las14.las,test
PNOA_2016_MAD_443-4469_ORT-CLA-RGB-with-NIR-las14.las,train
PNOA_2016_MAD_443-4470_ORT-CLA-RGB-with-NIR-las14.las,train
PNOA_2016_MAD_443-4471_ORT-CLA-RGB-with-NIR-las14.las,train
PNOA_2016_MAD_443-4472_ORT-CLA-RGB-with-NIR-las14.las,train
PNOA_2016_MAD_443-4473_ORT-CLA-RGB-with-NIR-las14.las,train
PNOA_2016_MAD_443-4474_ORT-CLA-RGB-with-NIR-las14.las,train
PNOA_2016_MAD_443-4475_ORT-CLA-RGB-with-NIR-las14.las,train
PNOA_2016_MAD_443-4476_ORT-CLA-RGB-with-NIR-las14.las,val
PNOA_2016_MAD_443-4477_ORT-CLA-RGB-with-NIR-las14.las,test
PNOA_2016_MAD_443-4478_ORT-CLA-RGB-with-NIR-las14.las,test
PNOA_2016_MAD_443-4479_ORT-CLA-RGB-with-NIR-las14.las,train
PNOA_2016_MAD_443-4480_ORT-CLA-RGB-with-NIR-las14.las,train
PNOA_2016_MAD_443-4481_ORT-CLA-RGB-with-NIR-las14.las,train
PNOA_2016_MAD_443-4482_ORT-CLA-RGB-with-NIR-las14.las,train
PNOA_2016_MAD_443-4483_ORT-CLA-RGB-with-NIR-las14.las,train
PNOA_2016_MAD_443-4484_ORT-CLA-RGB-with-NIR-las14.las,train
PNOA_2016_MAD_443-4485_ORT-CLA-RGB-with-NIR-las14.las,train
PNOA_2016_MAD_443-4486_ORT-CLA-RGB-with-NIR-las14.las,val
PNOA_2016_MAD_444-4462_ORT-CLA-RGB-with-NIR-las14.las,test
PNOA_2016_MAD_444-4463_ORT-CLA-RGB-with-NIR-las14.las,test
PNOA_2016_MAD_444-4464_ORT-CLA-RGB-with-NIR-las14.las,train
PNOA_2016_MAD_444-4465_ORT-CLA-RGB-with-NIR-las14.las,train
PNOA_2016_MAD_444-4466_ORT-CLA-RGB-with-NIR-las14.las,train
PNOA_2016_MAD_444-4467_ORT-CLA-RGB-with-NIR-las14.las,train
PNOA_2016_MAD_444-4468_ORT-CLA-RGB-with-NIR-las14.las,train
PNOA_2016_MAD_444-4469_ORT-CLA-RGB-with-NIR-las14.las,train
PNOA_2016_MAD_444-4470_ORT-CLA-RGB-with-NIR-las14.las,train
PNOA_2016_MAD_444-4471_ORT-CLA-RGB-with-NIR-las14.las,val
PNOA_2016_MAD_444-4472_ORT-CLA-RGB-with-NIR-las14.las,test
PNOA_2016_MAD_444-4473_ORT-CLA-RGB-with-NIR-las14.las,test
PNOA_2016_MAD_444-4474_ORT-CLA-RGB-with-NIR-las14.las,train
PNOA_2016_MAD_444-4475_ORT-CLA-RGB-with-NIR-las14.las,train
PNOA_2016_MAD_444-4476_ORT-CLA-RGB-with-NIR-las14.las,train
PNOA_2016_MAD_444-4477_ORT-CLA-RGB-with-NIR-las14.las,train
PNOA_2016_MAD_444-4478_ORT-CLA-RGB-with-NIR-las14.las,train
PNOA_2016_MAD_444-4479_ORT-CLA-RGB-with-NIR-las14.las,train
PNOA_2016_MAD_444-4480_ORT-CLA-RGB-with-NIR-las14.las,train
PNOA_2016_MAD_444-4481_ORT-CLA-RGB-with-NIR-las14.las,val
PNOA_2016_MAD_444-4482_ORT-CLA-RGB-with-NIR-las14.las,test
PNOA_2016_MAD_444-4483_ORT-CLA-RGB-with-NIR-las14.las,test
PNOA_2016_MAD_444-4484_ORT-CLA-RGB-with-NIR-las14.las,train
PNOA_2016_MAD_444-4485_ORT-CLA-RGB-with-NIR-las14.las,train
PNOA_2016_MAD_445-4464_ORT-CLA-RGB-with-NIR-las14.las,train
PNOA_2016_MAD_445-4465_ORT-CLA-RGB-with-NIR-las14.las,train
PNOA_2016_MAD_445-4466_ORT-CLA-RGB-with-NIR-las14.las,train
PNOA_2016_MAD_445-4467_ORT-CLA-RGB-with-NIR-las14.las,train
PNOA_2016_MAD_445-4468_ORT-CLA-RGB-with-NIR-las14.las,train
PNOA_2016_MAD_445-4469_ORT-CLA-RGB-with-NIR-las14.las,val
PNOA_2016_MAD_445-4470_ORT-CLA-RGB-with-NIR-las14.las,test
PNOA_2016_MAD_445-4471_ORT-CLA-RGB-with-NIR-las14.las,test
PNOA_2016_MAD_445-4472_ORT-CLA-RGB-with-NIR-las14.las,train
PNOA_2016_MAD_445-4473_ORT-CLA-RGB-with-NIR-las14.las,train
PNOA_2016_MAD_445-4474_ORT-CLA-RGB-with-NIR-las14.las,train
PNOA_2016_MAD_445-4475_ORT-CLA-RGB-with-NIR-las14.las,train
PNOA_2016_MAD_445-4476_ORT-CLA-RGB-with-NIR-las14.las,train
PNOA_2016_MAD_445-4477_ORT-CLA-RGB-with-NIR-las14.las,train
PNOA_2016_MAD_445-4478_ORT-CLA-RGB-with-NIR-las14.las,train
PNOA_2016_MAD_445-4479_ORT-CLA-RGB-with-NIR-las14.las,val
PNOA_2016_MAD_445-4480_ORT-CLA-RGB-with-NIR-las14.las,test
PNOA_2016_MAD_445-4481_ORT-CLA-RGB-with-NIR-las14.las,test
PNOA_2016_MAD_445-4482_ORT-CLA-RGB-with-NIR-las14.las,train
PNOA_2016_MAD_445-4483_ORT-CLA-RGB-with-NIR-las14.las,train
PNOA_2016_MAD_445-4484_ORT-CLA-RGB-with-NIR-las14.las,train
PNOA_2016_MAD_446-4464_ORT-CLA-RGB-with-NIR-las14.las,train
PNOA_2016_MAD_446-4465_ORT-CLA-RGB-with-NIR-las14.las,train
PNOA_2016_MAD_446-4466_ORT-CLA-RGB-with-NIR-las14.las,train
PNOA_2016_MAD_446-4467_ORT-CLA-RGB-with-NIR-las14.las,train
PNOA_2016_MAD_446-4468_ORT-CLA-RGB-with-NIR-las14.las,val
PNOA_2016_MAD_446-4469_ORT-CLA-RGB-with-NIR-las14.las,test
PNOA_2016_MAD_446-4470_ORT-CLA-RGB-with-NIR-las14.las,test
PNOA_2016_MAD_446-4471_ORT-CLA-RGB-with-NIR-las14.las,train
PNOA_2016_MAD_446-4472_ORT-CLA-RGB-with-NIR-las14.las,train
PNOA_2016_MAD_446-4473_ORT-CLA-RGB-with-NIR-las14.las,train
PNOA_2016_MAD_446-4474_ORT-CLA-RGB-with-NIR-las14.las,train
PNOA_2016_MAD_446-4475_ORT-CLA-RGB-with-NIR-las14.las,train
PNOA_2016_MAD_446-4476_ORT-CLA-RGB-with-NIR-las14.las,train
PNOA_2016_MAD_446-4477_ORT-CLA-RGB-with-NIR-las14.las,train
PNOA_2016_MAD_446-4478_ORT-CLA-RGB-with-NIR-las14.las,val
PNOA_2016_MAD_446-4479_ORT-CLA-RGB-with-NIR-las14.las,test
PNOA_2016_MAD_446-4480_ORT-CLA-RGB-with-NIR-las14.las,test
PNOA_2016_MAD_446-4481_ORT-CLA-RGB-with-NIR-las14.las,train
PNOA_2016_MAD_446-4482_ORT-CLA-RGB-with-NIR-las14.las,train
PNOA_2016_MAD_446-4504_ORT-CLA-RGB-with-NIR-las14.las,train
PNOA_2016_MAD_447-4464_ORT-CLA-RGB-with-NIR-las14.las,train
PNOA_2016_MAD_447-4465_ORT-CLA-RGB-with-NIR-las14.las,train
PNOA_2016_MAD_447-4466_ORT-CLA-RGB-with-NIR-las14.las,train
PNOA_2016_MAD_447-4467_ORT-CLA-RGB-with-NIR-las14.las,train
PNOA_2016_MAD_447-4468_ORT-CLA-RGB-with-NIR-las14.las,val
PNOA_2016_MAD_447-4469_ORT-CLA-RGB-with-NIR-las14.las,test
PNOA_2016_MAD_447-4470_ORT-CLA-RGB-with-NIR-las14.las,test
PNOA_2016_MAD_447-4471_ORT-CLA-RGB-with-NIR-las14.las,train
PNOA_2016_MAD_447-4472_ORT-CLA-RGB-with-NIR-las14.las,train
PNOA_2016_MAD_447-4473_ORT-CLA-RGB-with-NIR-las14.las,train
PNOA_2016_MAD_447-4474_ORT-CLA-RGB-with-NIR-las14.las,train
PNOA_2016_MAD_447-4475_ORT-CLA-RGB-with-NIR-las14.las,train
PNOA_2016_MAD_447-4476_ORT-CLA-RGB-with-NIR-las14.las,train
PNOA_2016_MAD_447-4477_ORT-CLA-RGB-with-NIR-las14.las,train
PNOA_2016_MAD_447-4478_ORT-CLA-RGB-with-NIR-las14.las,val
PNOA_2016_MAD_447-4479_ORT-CLA-RGB-with-NIR-las14.las,test
PNOA_2016_MAD_447-4480_ORT-CLA-RGB-with-NIR-las14.las,test
PNOA_2016_MAD_447-4481_ORT-CLA-RGB-with-NIR-las14.las,train
PNOA_2016_MAD_447-4503_ORT-CLA-RGB-with-NIR-las14.las,train
PNOA_2016_MAD_447-4504_ORT-CLA-RGB-with-NIR-las14.las,train
PNOA_2016_MAD_447-4505_ORT-CLA-RGB-with-NIR-las14.las,train
PNOA_2016_MAD_448-4464_ORT-CLA-RGB-with-NIR-las14.las,train
PNOA_2016_MAD_448-4465_ORT-CLA-RGB-with-NIR-las14.las,train
PNOA_2016_MAD_448-4466_ORT-CLA-RGB-with-NIR-las14.las,train
PNOA_2016_MAD_448-4467_ORT-CLA-RGB-with-NIR-las14.las,val
PNOA_2016_MAD_448-4468_ORT-CLA-RGB-with-NIR-las14.las,test
PNOA_2016_MAD_448-4469_ORT-CLA-RGB-with-NIR-las14.las,test
PNOA_2016_MAD_448-4470_ORT-CLA-RGB-with-NIR-las14.las,train
PNOA_2016_MAD_448-4471_ORT-CLA-RGB-with-NIR-las14.las,train
PNOA_2016_MAD_448-4472_ORT-CLA-RGB-with-NIR-las14.las,train
PNOA_2016_MAD_448-4473_ORT-CLA-RGB-with-NIR-las14.las,train
PNOA_2016_MAD_448-4474_ORT-CLA-RGB-with-NIR-las14.las,train
PNOA_2016_MAD_448-4475_ORT-CLA-RGB-with-NIR-las14.las,train
PNOA_2016_MAD_448-4476_ORT-CLA-RGB-with-NIR-las14.las,train
PNOA_2016_MAD_448-4477_ORT-CLA-RGB-with-NIR-las14.las,val
PNOA_2016_MAD_448-4478_ORT-CLA-RGB-with-NIR-las14.las,test
PNOA_2016_MAD_448-4479_ORT-CLA-RGB-with-NIR-las14.las,test
PNOA_2016_MAD_448-4503_ORT-CLA-RGB-with-NIR-las14.las,train
PNOA_2016_MAD_448-4504_ORT-CLA-RGB-with-NIR-las14.las,train
PNOA_2016_MAD_448-4505_ORT-CLA-RGB-with-NIR-las14.las,train
PNOA_2016_MAD_448-4506_ORT-CLA-RGB-with-NIR-las14.las,train
PNOA_2016_MAD_449-4465_ORT-CLA-RGB-with-NIR-las14.las,train
PNOA_2016_MAD_449-4466_ORT-CLA-RGB-with-NIR-las14.las,train
PNOA_2016_MAD_449-4467_ORT-CLA-RGB-with-NIR-las14.las,train
PNOA_2016_MAD_449-4468_ORT-CLA-RGB-with-NIR-las14.las,val
PNOA_2016_MAD_449-4469_ORT-CLA-RGB-with-NIR-las14.las,test
PNOA_2016_MAD_449-4470_ORT-CLA-RGB-with-NIR-las14.las,test
PNOA_2016_MAD_449-4471_ORT-CLA-RGB-with-NIR-las14.las,train
PNOA_2016_MAD_449-4472_ORT-CLA-RGB-with-NIR-las14.las,train
PNOA_2016_MAD_449-4473_ORT-CLA-RGB-with-NIR-las14.las,train
PNOA_2016_MAD_449-4474_ORT-CLA-RGB-with-NIR-las14.las,train
PNOA_2016_MAD_449-4475_ORT-CLA-RGB-with-NIR-las14.las,train
PNOA_2016_MAD_449-4476_ORT-CLA-RGB-with-NIR-las14.las,train
PNOA_2016_MAD_449-4477_ORT-CLA-RGB-with-NIR-las14.las,train
PNOA_2016_MAD_449-4478_ORT-CLA-RGB-with-NIR-las14.las,val
PNOA_2016_MAD_449-4504_ORT-CLA-RGB-with-NIR-las14.las,test
PNOA_2016_MAD_449-4505_ORT-CLA-RGB-with-NIR-las14.las,test
PNOA_2016_MAD_449-4506_ORT-CLA-RGB-with-NIR-las14.las,train
PNOA_2016_MAD_450-4466_ORT-CLA-RGB-with-NIR-las14.las,train
PNOA_2016_MAD_450-4467_ORT-CLA-RGB-with-NIR-las14.las,train
PNOA_2016_MAD_450-4468_ORT-CLA-RGB-with-NIR-las14.las,train
PNOA_2016_MAD_450-4469_ORT-CLA-RGB-with-NIR-las14.las,train
PNOA_2016_MAD_450-4470_ORT-CLA-RGB-with-NIR-las14.las,train
PNOA_2016_MAD_450-4471_ORT-CLA-RGB-with-NIR-las14.las,train
PNOA_2016_MAD_450-4472_ORT-CLA-RGB-with-NIR-las14.las,val
PNOA_2016_MAD_450-4473_ORT-CLA-RGB-with-NIR-las14.las,test
PNOA_2016_MAD_450-4474_ORT-CLA-RGB-with-NIR-las14.las,test
PNOA_2016_MAD_451-4467_ORT-CLA-RGB-with-NIR-las14.las,train
PNOA_2016_MAD_451-4468_ORT-CLA-RGB-with-NIR-las14.las,train
PNOA_2016_MAD_451-4469_ORT-CLA-RGB-with-NIR-las14.las,train
PNOA_2016_MAD_451-4470_ORT-CLA-RGB-with-NIR-las14.las,train
PNOA_2016_MAD_451-4471_ORT-CLA-RGB-with-NIR-las14.las,train
PNOA_2016_MAD_451-4472_ORT-CLA-RGB-with-NIR-las14.las,train
PNOA_2016_MAD_451-4473_ORT-CLA-RGB-with-NIR-las14.las,train
PNOA_2016_MAD_452-4468_ORT-CLA-RGB-with-NIR-las14.las,val
PNOA_2016_MAD_452-4469_ORT-CLA-RGB-with-NIR-las14.las,test
PNOA_2016_MAD_452-4470_ORT-CLA-RGB-with-NIR-las14.las,test
PNOA_2016_MAD_452-4471_ORT-CLA-RGB-with-NIR-las14.las,train
PNOA_2016_MAD_452-4472_ORT-CLA-RGB-with-NIR-las14.las,train
PNOA_2016_MAD_452-4473_ORT-CLA-RGB-with-NIR-las14.las,train
PNOA_2016_MAD_453-4467_ORT-CLA-RGB-with-NIR-las14.las,train
PNOA_2016_MAD_453-4468_ORT-CLA-RGB-with-NIR-las14.las,train
PNOA_2016_MAD_453-4469_ORT-CLA-RGB-with-NIR-las14.las,train
PNOA_2016_MAD_453-4470_ORT-CLA-RGB-with-NIR-las14.las,train
PNOA_2016_MAD_453-4471_ORT-CLA-RGB-with-NIR-las14.las,val
PNOA_2016_MAD_453-4472_ORT-CLA-RGB-with-NIR-las14.las,test
PNOA_2016_MAD_454-4465_ORT-CLA-RGB-with-NIR-las14.las,test
PNOA_2016_MAD_454-4466_ORT-CLA-RGB-with-NIR-las14.las,train
PNOA_2016_MAD_454-4467_ORT-CLA-RGB-with-NIR-las14.las,train
PNOA_2016_MAD_454-4468_ORT-CLA-RGB-with-NIR-las14.las,train
PNOA_2016_MAD_454-4469_ORT-CLA-RGB-with-NIR-las14.las,train
PNOA_2016_MAD_454-4470_ORT-CLA-RGB-with-NIR-las14.las,train
PNOA_2016_MAD_454-4471_ORT-CLA-RGB-with-NIR-las14.las,train
PNOA_2016_MAD_454-4472_ORT-CLA-RGB-with-NIR-las14.las,train
PNOA_2016_MAD_455-4464_ORT-CLA-RGB-with-NIR-las14.las,val
PNOA_2016_MAD_455-4465_ORT-CLA-RGB-with-NIR-las14.las,test
PNOA_2016_MAD_455-4466_ORT-CLA-RGB-with-NIR-las14.las,test
PNOA_2016_MAD_455-4467_ORT-CLA-RGB-with-NIR-las14.las,train
PNOA_2016_MAD_455-4468_ORT-CLA-RGB-with-NIR-las14.las,train
PNOA_2016_MAD_455-4469_ORT-CLA-RGB-with-NIR-las14.las,train
PNOA_2016_MAD_455-4470_ORT-CLA-RGB-with-NIR-las14.las,train
PNOA_2016_MAD_455-4471_ORT-CLA-RGB-with-NIR-las14.las,train
PNOA_2016_MAD_455-4472_ORT-CLA-RGB-with-NIR-las14.las,train
PNOA_2016_MAD_456-4464_ORT-CLA-RGB-with-NIR-las14.las,train
PNOA_2016_MAD_456-4465_ORT-CLA-RGB-with-NIR-las14.las,val
PNOA_2016_MAD_456-4466_ORT-CLA-RGB-with-NIR-las14.las,test
PNOA_2016_MAD_456-4468_ORT-CLA-RGB-with-NIR-las14.las,test
PNOA_2016_MAD_456-4469_ORT-CLA-RGB-with-NIR-las14.las,train
PNOA_2016_MAD_456-4470_ORT-CLA-RGB-with-NIR-las14.las,train
PNOA_2016_MAD_456-4471_ORT-CLA-RGB-with-NIR-las14.las,train
PNOA_2016_MAD_457-4465_ORT-CLA-RGB-with-NIR-las14.las,train
PNOA_2016_MAD_457-4466_ORT-CLA-RGB-with-NIR-las14.las,train
PNOA_2016_MAD_457-4467_ORT-CLA-RGB-with-NIR-las14.las,train
PNOA_2016_MAD_457-4468_ORT-CLA-RGB-with-NIR-las14.las,train
PNOA_2016_MAD_467-4499_ORT-CLA-RGB-with-NIR-las14.las,val
PNOA_2016_MAD_467-4500_ORT-CLA-RGB-with-NIR-las14.las,test
PNOA_2016_MAD_468-4499_ORT-CLA-RGB-with-NIR-las14.las,test
PNOA_2016_MAD_468-4502_ORT-CLA-RGB-with-NIR-las14.las,train
PNOA_2016_MAD_468-4503_ORT-CLA-RGB-with-NIR-las14.las,train
PNOA_2016_MAD_468-4504_ORT-CLA-RGB-with-NIR-las14.las,train
PNOA_2016_MAD_468-4505_ORT-CLA-RGB-with-NIR-las14.las,train
PNOA_2016_MAD_469-4499_ORT-CLA-RGB-with-NIR-las14.las,train
PNOA_2016_MAD_469-4500_ORT-CLA-RGB-with-NIR-las14.las,train
PNOA_2016_MAD_469-4501_ORT-CLA-RGB-with-NIR-las14.las,train
PNOA_2016_MAD_469-4502_ORT-CLA-RGB-with-NIR-las14.las,val
PNOA_2016_MAD_474-4467_ORT-CLA-RGB-with-NIR-las14.las,test
PNOA_2016_MAD_474-4468_ORT-CLA-RGB-with-NIR-las14.las,test
PNOA_2016_MAD_475-4466_ORT-CLA-RGB-with-NIR-las14.las,train
PNOA_2016_MAD_475-4467_ORT-CLA-RGB-with-NIR-las14.las,train
PNOA_2016_MAD_475-4468_ORT-CLA-RGB-with-NIR-las14.las,train
PNOA_2016_MAD_475-4469_ORT-CLA-RGB-with-NIR-las14.las,train
PNOA_2016_MAD_475-4470_ORT-CLA-RGB-with-NIR-las14.las,train
PNOA_2016_MAD_476-4465_ORT-CLA-RGB-with-NIR-las14.las,train
PNOA_2016_MAD_476-4466_ORT-CLA-RGB-with-NIR-las14.las,train
PNOA_2016_MAD_476-4467_ORT-CLA-RGB-with-NIR-las14.las,val
PNOA_2016_MAD_476-4468_ORT-CLA-RGB-with-NIR-las14.las,test
PNOA_2016_MAD_476-4469_ORT-CLA-RGB-with-NIR-las14.las,test
PNOA_2016_MAD_476-4470_ORT-CLA-RGB-with-NIR-las14.las,train
PNOA_2016_MAD_476-4471_ORT-CLA-RGB-with-NIR-las14.las,train
PNOA_2016_MAD_476-4472_ORT-CLA-RGB-with-NIR-las14.las,train
PNOA_2016_MAD_477-4465_ORT-CLA-RGB-with-NIR-las14.las,train
PNOA_2016_MAD_477-4466_ORT-CLA-RGB-with-NIR-las14.las,train
PNOA_2016_MAD_477-4467_ORT-CLA-RGB-with-NIR-las14.las,train
PNOA_2016_MAD_477-4468_ORT-CLA-RGB-with-NIR-las14.las,train
PNOA_2016_MAD_477-4469_ORT-CLA-RGB-with-NIR-las14.las,val
PNOA_2016_MAD_477-4470_ORT-CLA-RGB-with-NIR-las14.las,test
PNOA_2016_MAD_477-4471_ORT-CLA-RGB-with-NIR-las14.las,test
PNOA_2016_MAD_477-4472_ORT-CLA-RGB-with-NIR-las14.las,train
PNOA_2016_MAD_477-4473_ORT-CLA-RGB-with-NIR-las14.las,train
PNOA_2016_MAD_478-4464_ORT-CLA-RGB-with-NIR-las14.las,train
PNOA_2016_MAD_478-4465_ORT-CLA-RGB-with-NIR-las14.las,train
PNOA_2016_MAD_478-4466_ORT-CLA-RGB-with-NIR-las14.las,train
PNOA_2016_MAD_478-4467_ORT-CLA-RGB-with-NIR-las14.las,train
PNOA_2016_MAD_478-4468_ORT-CLA-RGB-with-NIR-las14.las,train
PNOA_2016_MAD_478-4469_ORT-CLA-RGB-with-NIR-las14.las,val
PNOA_2016_MAD_478-4470_ORT-CLA-RGB-with-NIR-las14.las,test
PNOA_2016_MAD_478-4471_ORT-CLA-RGB-with-NIR-las14.las,test
PNOA_2016_MAD_478-4472_ORT-CLA-RGB-with-NIR-las14.las,train
PNOA_2016_MAD_478-4473_ORT-CLA-RGB-with-NIR-las14.las,train
PNOA_2016_MAD_478-4474_ORT-CLA-RGB-with-NIR-las14.las,train
PNOA_2016_MAD_478-4475_ORT-CLA-RGB-with-NIR-las14.las,train
PNOA_2016_MAD_479-4464_ORT-CLA-RGB-with-NIR-las14.las,train
PNOA_2016_MAD_479-4465_ORT-CLA-RGB-with-NIR-las14.las,train
PNOA_2016_MAD_479-4466_ORT-CLA-RGB-with-NIR-las14.las,train
PNOA_2016_MAD_479-4467_ORT-CLA-RGB-with-NIR-las14.las,val
PNOA_2016_MAD_479-4468_ORT-CLA-RGB-with-NIR-las14.las,test
PNOA_2016_MAD_479-4469_ORT-CLA-RGB-with-NIR-las14.las,test
PNOA_2016_MAD_479-4470_ORT-CLA-RGB-with-NIR-las14.las,train
PNOA_2016_MAD_479-4471_ORT-CLA-RGB-with-NIR-las14.las,train
PNOA_2016_MAD_479-4472_ORT-CLA-RGB-with-NIR-las14.las,train
PNOA_2016_MAD_479-4473_ORT-CLA-RGB-with-NIR-las14.las,train
PNOA_2016_MAD_479-4474_ORT-CLA-RGB-with-NIR-las14.las,train
PNOA_2016_MAD_479-4475_ORT-CLA-RGB-with-NIR-las14.las,train
PNOA_2016_MAD_479-4476_ORT-CLA-RGB-with-NIR-las14.las,train
PNOA_2016_MAD_479-4477_ORT-CLA-RGB-with-NIR-las14.las,val
PNOA_2016_MAD_480-4463_ORT-CLA-RGB-with-NIR-las14.las,test
PNOA_2016_MAD_480-4464_ORT-CLA-RGB-with-NIR-las14.las,test
PNOA_2016_MAD_480-4465_ORT-CLA-RGB-with-NIR-las14.las,train
PNOA_2016_MAD_480-4466_ORT-CLA-RGB-with-NIR-las14.las,train
PNOA_2016_MAD_480-4467_ORT-CLA-RGB-with-NIR-las14.las,train
PNOA_2016_MAD_480-4468_ORT-CLA-RGB-with-NIR-las14.las,train
PNOA_2016_MAD_480-4469_ORT-CLA-RGB-with-NIR-las14.las,train
PNOA_2016_MAD_480-4470_ORT-CLA-RGB-with-NIR-las14.las,train
PNOA_2016_MAD_480-4471_ORT-CLA-RGB-with-NIR-las14.las,train
PNOA_2016_MAD_480-4472_ORT-CLA-RGB-with-NIR-las14.las,val
PNOA_2016_MAD_480-4473_ORT-CLA-RGB-with-NIR-las14.las,test
PNOA_2016_MAD_480-4474_ORT-CLA-RGB-with-NIR-las14.las,test
PNOA_2016_MAD_480-4475_ORT-CLA-RGB-with-NIR-las14.las,train
PNOA_2016_MAD_480-4476_ORT-CLA-RGB-with-NIR-las14.las,train
PNOA_2016_MAD_480-4477_ORT-CLA-RGB-with-NIR-las14.las,train
PNOA_2016_MAD_480-4478_ORT-CLA-RGB-with-NIR-las14.las,train
PNOA_2016_MAD_480-4479_ORT-CLA-RGB-with-NIR-las14.las,train
PNOA_2016_MAD_481-4463_ORT-CLA-RGB-with-NIR-las14.las,train
PNOA_2016_MAD_481-4464_ORT-CLA-RGB-with-NIR-las14.las,train
PNOA_2016_MAD_481-4465_ORT-CLA-RGB-with-NIR-las14.las,val
PNOA_2016_MAD_481-4466_ORT-CLA-RGB-with-NIR-las14.las,test
PNOA_2016_MAD_481-4467_ORT-CLA-RGB-with-NIR-las14.las,test
PNOA_2016_MAD_481-4468_ORT-CLA-RGB-with-NIR-las14.las,train
PNOA_2016_MAD_481-4469_ORT-CLA-RGB-with-NIR-las14.las,train
PNOA_2016_MAD_481-4470_ORT-CLA-RGB-with-NIR-las14.las,train
PNOA_2016_MAD_481-4471_ORT-CLA-RGB-with-NIR-las14.las,train
PNOA_2016_MAD_481-4472_ORT-CLA-RGB-with-NIR-las14.las,train
PNOA_2016_MAD_481-4473_ORT-CLA-RGB-with-NIR-las14.las,train
PNOA_2016_MAD_481-4474_ORT-CLA-RGB-with-NIR-las14.las,train
PNOA_2016_MAD_481-4475_ORT-CLA-RGB-with-NIR-las14.las,val
PNOA_2016_MAD_481-4476_ORT-CLA-RGB-with-NIR-las14.las,test
PNOA_2016_MAD_481-4477_ORT-CLA-RGB-with-NIR-las14.las,test
PNOA_2016_MAD_481-4478_ORT-CLA-RGB-with-NIR-las14.las,train
PNOA_2016_MAD_481-4479_ORT-CLA-RGB-with-NIR-las14.las,train
PNOA_2016_MAD_481-4480_ORT-CLA-RGB-with-NIR-las14.las,train
PNOA_2016_MAD_482-4462_ORT-CLA-RGB-with-NIR-las14.las,train
PNOA_2016_MAD_482-4463_ORT-CLA-RGB-with-NIR-las14.las,train
PNOA_2016_MAD_482-4464_ORT-CLA-RGB-with-NIR-las14.las,train
PNOA_2016_MAD_482-4465_ORT-CLA-RGB-with-NIR-las14.las,train
PNOA_2016_MAD_482-4466_ORT-CLA-RGB-with-NIR-las14.las,val
PNOA_2016_MAD_482-4467_ORT-CLA-RGB-with-NIR-las14.las,test
PNOA_2016_MAD_482-4468_ORT-CLA-RGB-with-NIR-las14.las,test
PNOA_2016_MAD_482-4469_ORT-CLA-RGB-with-NIR-las14.las,train
PNOA_2016_MAD_482-4470_ORT-CLA-RGB-with-NIR-las14.las,train
PNOA_2016_MAD_482-4471_ORT-CLA-RGB-with-NIR-las14.las,train
PNOA_2016_MAD_482-4472_ORT-CLA-RGB-with-NIR-las14.las,train
PNOA_2016_MAD_482-4473_ORT-CLA-RGB-with-NIR-las14.las,train
PNOA_2016_MAD_482-4474_ORT-CLA-RGB-with-NIR-las14.las,train
PNOA_2016_MAD_482-4475_ORT-CLA-RGB-with-NIR-las14.las,train
PNOA_2016_MAD_482-4476_ORT-CLA-RGB-with-NIR-las14.las,val
PNOA_2016_MAD_482-4477_ORT-CLA-RGB-with-NIR-las14.las,test
PNOA_2016_MAD_482-4478_ORT-CLA-RGB-with-NIR-las14.las,test
PNOA_2016_MAD_482-4479_ORT-CLA-RGB-with-NIR-las14.las,train
PNOA_2016_MAD_482-4480_ORT-CLA-RGB-with-NIR-las14.las,train
PNOA_2016_MAD_482-4481_ORT-CLA-RGB-with-NIR-las14.las,train
PNOA_2016_MAD_482-4482_ORT-CLA-RGB-with-NIR-las14.las,train
PNOA_2016_MAD_483-4462_ORT-CLA-RGB-with-NIR-las14.las,train
PNOA_2016_MAD_483-4463_ORT-CLA-RGB-with-NIR-las14.las,train
PNOA_2016_MAD_483-4464_ORT-CLA-RGB-with-NIR-las14.las,train
PNOA_2016_MAD_483-4465_ORT-CLA-RGB-with-NIR-las14.las,val
PNOA_2016_MAD_483-4466_ORT-CLA-RGB-with-NIR-las14.las,test
PNOA_2016_MAD_483-4467_ORT-CLA-RGB-with-NIR-las14.las,test
PNOA_2016_MAD_483-4468_ORT-CLA-RGB-with-NIR-las14.las,train
PNOA_2016_MAD_483-4469_ORT-CLA-RGB-with-NIR-las14.las,train
PNOA_2016_MAD_483-4470_ORT-CLA-RGB-with-NIR-las14.las,train
PNOA_2016_MAD_483-4471_ORT-CLA-RGB-with-NIR-las14.las,train
PNOA_2016_MAD_483-4472_ORT-CLA-RGB-with-NIR-las14.las,train
PNOA_2016_MAD_483-4473_ORT-CLA-RGB-with-NIR-las14.las,train
PNOA_2016_MAD_483-4474_ORT-CLA-RGB-with-NIR-las14.las,train
PNOA_2016_MAD_483-4475_ORT-CLA-RGB-with-NIR-las14.las,val
PNOA_2016_MAD_483-4476_ORT-CLA-RGB-with-NIR-las14.las,test
PNOA_2016_MAD_483-4477_ORT-CLA-RGB-with-NIR-las14.las,test
PNOA_2016_MAD_483-4478_ORT-CLA-RGB-with-NIR-las14.las,train
PNOA_2016_MAD_483-4479_ORT-CLA-RGB-with-NIR-las14.las,train
PNOA_2016_MAD_483-4480_ORT-CLA-RGB-with-NIR-las14.las,train
PNOA_2016_MAD_483-4481_ORT-CLA-RGB-with-NIR-las14.las,train
PNOA_2016_MAD_483-4482_ORT-CLA-RGB-with-NIR-las14.las,train
PNOA_2016_MAD_483-4483_ORT-CLA-RGB-with-NIR-las14.las,train
PNOA_2016_MAD_483-4484_ORT-CLA-RGB-with-NIR-las14.las,train
PNOA_2016_MAD_484-4461_ORT-CLA-RGB-with-NIR-las14.las,val
PNOA_2016_MAD_484-4462_ORT-CLA-RGB-with-NIR-las14.las,test
PNOA_2016_MAD_484-4463_ORT-CLA-RGB-with-NIR-las14.las,test
PNOA_2016_MAD_484-4464_ORT-CLA-RGB-with-NIR-las14.las,train
PNOA_2016_MAD_484-4465_ORT-CLA-RGB-with-NIR-las14.las,train
PNOA_2016_MAD_484-4466_ORT-CLA-RGB-with-NIR-las14.las,train
PNOA_2016_MAD_484-4467_ORT-CLA-RGB-with-NIR-las14.las,train
PNOA_2016_MAD_484-4468_ORT-CLA-RGB-with-NIR-las14.las,train
PNOA_2016_MAD_484-4469_ORT-CLA-RGB-with-NIR-las14.las,train
PNOA_2016_MAD_484-4470_ORT-CLA-RGB-with-NIR-las14.las,train
PNOA_2016_MAD_484-4471_ORT-CLA-RGB-with-NIR-las14.las,val
PNOA_2016_MAD_484-4472_ORT-CLA-RGB-with-NIR-las14.las,test
PNOA_2016_MAD_484-4473_ORT-CLA-RGB-with-NIR-las14.las,test
PNOA_2016_MAD_484-4474_ORT-CLA-RGB-with-NIR-las14.las,train
PNOA_2016_MAD_484-4475_ORT-CLA-RGB-with-NIR-las14.las,train
PNOA_2016_MAD_484-4476_ORT-CLA-RGB-with-NIR-las14.las,train
PNOA_2016_MAD_484-4477_ORT-CLA-RGB-with-NIR-las14.las,train
PNOA_2016_MAD_484-4478_ORT-CLA-RGB-with-NIR-las14.las,train
PNOA_2016_MAD_484-4479_ORT-CLA-RGB-with-NIR-las14.las,train
PNOA_2016_MAD_484-4480_ORT-CLA-RGB-with-NIR-las14.las,train
PNOA_2016_MAD_484-4481_ORT-CLA-RGB-with-NIR-las14.las,val
PNOA_2016_MAD_484-4482_ORT-CLA-RGB-with-NIR-las14.las,test
PNOA_2016_MAD_484-4483_ORT-CLA-RGB-with-NIR-las14.las,test
PNOA_2016_MAD_484-4484_ORT-CLA-RGB-with-NIR-las14.las,train
PNOA_2016_MAD_485-4461_ORT-CLA-RGB-with-NIR-las14.las,train
PNOA_2016_MAD_485-4462_ORT-CLA-RGB-with-NIR-las14.las,train
PNOA_2016_MAD_485-4463_ORT-CLA-RGB-with-NIR-las14.las,train
PNOA_2016_MAD_485-4464_ORT-CLA-RGB-with-NIR-las14.las,train
PNOA_2016_MAD_485-4465_ORT-CLA-RGB-with-NIR-las14.las,train
PNOA_2016_MAD_485-4466_ORT-CLA-RGB-with-NIR-las14.las,train
PNOA_2016_MAD_485-4467_ORT-CLA-RGB-with-NIR-las14.las,val
PNOA_2016_MAD_485-4468_ORT-CLA-RGB-with-NIR-las14.las,test
PNOA_2016_MAD_485-4469_ORT-CLA-RGB-with-NIR-las14.las,test
PNOA_2016_MAD_485-4470_ORT-CLA-RGB-with-NIR-las14.las,train
PNOA_2016_MAD_485-4471_ORT-CLA-RGB-with-NIR-las14.las,train
PNOA_2016_MAD_485-4472_ORT-CLA-RGB-with-NIR-las14.las,train
PNOA_2016_MAD_485-4473_ORT-CLA-RGB-with-NIR-las14.las,train
PNOA_2016_MAD_485-4474_ORT-CLA-RGB-with-NIR-las14.las,train
PNOA_2016_MAD_485-4475_ORT-CLA-RGB-with-NIR-las14.las,train
PNOA_2016_MAD_485-4476_ORT-CLA-RGB-with-NIR-las14.las,train
PNOA_2016_MAD_485-4477_ORT-CLA-RGB-with-NIR-las14.las,val
PNOA_2016_MAD_485-4478_ORT-CLA-RGB-with-NIR-las14.las,test
PNOA_2016_MAD_485-4479_ORT-CLA-RGB-with-NIR-las14.las,test
PNOA_2016_MAD_485-4480_ORT-CLA-RGB-with-NIR-las14.las,train
PNOA_2016_MAD_485-4481_ORT-CLA-RGB-with-NIR-las14.las,train
PNOA_2016_MAD_485-4482_ORT-CLA-RGB-with-NIR-las14.las,train
PNOA_2016_MAD_485-4483_ORT-CLA-RGB-with-NIR-las14.las,train
PNOA_2016_MAD_485-4484_ORT-CLA-RGB-with-NIR-las14.las,train
PNOA_2016_MAD_486-4460_ORT-CLA-RGB-with-NIR-las14.las,train
PNOA_2016_MAD_486-4461_ORT-CLA-RGB-with-NIR-las14.las,train
PNOA_2016_MAD_486-4462_ORT-CLA-RGB-with-NIR-las14.las,val
PNOA_2016_MAD_486-4463_ORT-CLA-RGB-with-NIR-las14.las,test
PNOA_2016_MAD_486-4464_ORT-CLA-RGB-with-NIR-las14.las,test
PNOA_2016_MAD_486-4465_ORT-CLA-RGB-with-NIR-las14.las,train
PNOA_2016_MAD_486-4466_ORT-CLA-RGB-with-NIR-las14.las,train
PNOA_2016_MAD_486-4467_ORT-CLA-RGB-with-NIR-las14.las,train
PNOA_2016_MAD_486-4468_ORT-CLA-RGB-with-NIR-las14.las,train
PNOA_2016_MAD_486-4469_ORT-CLA-RGB-with-NIR-las14.las,train
PNOA_2016_MAD_486-4470_ORT-CLA-RGB-with-NIR-las14.las,train
PNOA_2016_MAD_486-4471_ORT-CLA-RGB-with-NIR-las14.las,train
PNOA_2016_MAD_486-4472_ORT-CLA-RGB-with-NIR-las14.las,val
PNOA_2016_MAD_486-4473_ORT-CLA-RGB-with-NIR-las14.las,test
PNOA_2016_MAD_486-4474_ORT-CLA-RGB-with-NIR-las14.las,test
PNOA_2016_MAD_486-4475_ORT-CLA-RGB-with-NIR-las14.las,train
PNOA_2016_MAD_486-4476_ORT-CLA-RGB-with-NIR-las14.las,train
PNOA_2016_MAD_486-4477_ORT-CLA-RGB-with-NIR-las14.las,train
PNOA_2016_MAD_486-4478_ORT-CLA-RGB-with-NIR-las14.las,train
PNOA_2016_MAD_487-4460_ORT-CLA-RGB-with-NIR-las14.las,train
PNOA_2016_MAD_487-4461_ORT-CLA-RGB-with-NIR-las14.las,train
PNOA_2016_MAD_487-4462_ORT-CLA-RGB-with-NIR-las14.las,train
PNOA_2016_MAD_487-4463_ORT-CLA-RGB-with-NIR-las14.las,val
PNOA_2016_MAD_487-4464_ORT-CLA-RGB-with-NIR-las14.las,test
PNOA_2016_MAD_487-4465_ORT-CLA-RGB-with-NIR-las14.las,test
PNOA_2016_MAD_487-4466_ORT-CLA-RGB-with-NIR-las14.las,train
PNOA_2016_MAD_487-4467_ORT-CLA-RGB-with-NIR-las14.las,train
PNOA_2016_MAD_487-4468_ORT-CLA-RGB-with-NIR-las14.las,train
PNOA_2016_MAD_487-4469_ORT-CLA-RGB-with-NIR-las14.las,train
PNOA_2016_MAD_487-4470_ORT-CLA-RGB-with-NIR-las14.las,train
PNOA_2016_MAD_487-4471_ORT-CLA-RGB-with-NIR-las14.las,train
PNOA_2016_MAD_487-4472_ORT-CLA-RGB-with-NIR-las14.las,train
PNOA_2016_MAD_487-4473_ORT-CLA-RGB-with-NIR-las14.las,val
PNOA_2016_MAD_487-4474_ORT-CLA-RGB-with-NIR-las14.las,test
PNOA_2016_MAD_487-4475_ORT-CLA-RGB-with-NIR-las14.las,test
PNOA_2016_MAD_487-4476_ORT-CLA-RGB-with-NIR-las14.las,train
PNOA_2016_MAD_487-4477_ORT-CLA-RGB-with-NIR-las14.las,train
PNOA_2016_MAD_487-4478_ORT-CLA-RGB-with-NIR-las14.las,train
PNOA_2016_MAD_488-4460_ORT-CLA-RGB-with-NIR-las14.las,train
PNOA_2016_MAD_488-4461_ORT-CLA-RGB-with-NIR-las14.las,train
PNOA_2016_MAD_488-4462_ORT-CLA-RGB-with-NIR-las14.las,train
PNOA_2016_MAD_488-4463_ORT-CLA-RGB-with-NIR-las14.las,train
PNOA_2016_MAD_488-4464_ORT-CLA-RGB-with-NIR-las14.las,val
PNOA_2016_MAD_488-4465_ORT-CLA-RGB-with-NIR-las14.las,test
PNOA_2016_MAD_488-4466_ORT-CLA-RGB-with-NIR-las14.las,test
PNOA_2016_MAD_488-4467_ORT-CLA-RGB-with-NIR-las14.las,train
PNOA_2016_MAD_488-4468_ORT-CLA-RGB-with-NIR-las14.las,train
PNOA_2016_MAD_488-4469_ORT-CLA-RGB-with-NIR-las14.las,train
PNOA_2016_MAD_488-4470_ORT-CLA-RGB-with-NIR-las14.las,train
PNOA_2016_MAD_488-4471_ORT-CLA-RGB-with-NIR-las14.las,train
PNOA_2016_MAD_488-4472_ORT-CLA-RGB-with-NIR-las14.las,train
PNOA_2016_MAD_488-4473_ORT-CLA-RGB-with-NIR-las14.las,train
PNOA_2016_MAD_488-4474_ORT-CLA-RGB-with-NIR-las14.las,val
PNOA_2016_MAD_488-4475_ORT-CLA-RGB-with-NIR-las14.las,test
PNOA_2016_MAD_488-4476_ORT-CLA-RGB-with-NIR-las14.las,test
PNOA_2016_MAD_488-4477_ORT-CLA-RGB-with-NIR-las14.las,train
PNOA_2016_MAD_488-4478_ORT-CLA-RGB-with-NIR-las14.las,train
PNOA_2016_MAD_489-4461_ORT-CLA-RGB-with-NIR-las14.las,train
PNOA_2016_MAD_489-4463_ORT-CLA-RGB-with-NIR-las14.las,train
PNOA_2016_MAD_489-4464_ORT-CLA-RGB-with-NIR-las14.las,train
PNOA_2016_MAD_489-4465_ORT-CLA-RGB-with-NIR-las14.las,train
PNOA_2016_MAD_489-4466_ORT-CLA-RGB-with-NIR-las14.las,train
PNOA_2016_MAD_489-4467_ORT-CLA-RGB-with-NIR-las14.las,val
PNOA_2016_MAD_489-4468_ORT-CLA-RGB-with-NIR-las14.las,test
PNOA_2016_MAD_489-4469_ORT-CLA-RGB-with-NIR-las14.las,test
PNOA_2016_MAD_489-4470_ORT-CLA-RGB-with-NIR-las14.las,train
PNOA_2016_MAD_489-4471_ORT-CLA-RGB-with-NIR-las14.las,train
PNOA_2016_MAD_489-4472_ORT-CLA-RGB-with-NIR-las14.las,train
PNOA_2016_MAD_489-4473_ORT-CLA-RGB-with-NIR-las14.las,train
PNOA_2016_MAD_489-4474_ORT-CLA-RGB-with-NIR-las14.las,train
PNOA_2016_MAD_489-4475_ORT-CLA-RGB-with-NIR-las14.las,train
PNOA_2016_MAD_489-4476_ORT-CLA-RGB-with-NIR-las14.las,train
PNOA_2016_MAD_489-4477_ORT-CLA-RGB-with-NIR-las14.las,val
PNOA_2016_MAD_489-4478_ORT-CLA-RGB-with-NIR-las14.las,test
PNOA_2016_MAD_490-4465_ORT-CLA-RGB-with-NIR-las14.las,test
PNOA_2016_MAD_490-4466_ORT-CLA-RGB-with-NIR-las14.las,train
PNOA_2016_MAD_490-4467_ORT-CLA-RGB-with-NIR-las14.las,train
PNOA_2016_MAD_490-4468_ORT-CLA-RGB-with-NIR-las14.las,train
PNOA_2016_MAD_490-4469_ORT-CLA-RGB-with-NIR-las14.las,train
PNOA_2016_MAD_490-4470_ORT-CLA-RGB-with-NIR-las14.las,train
PNOA_2016_MAD_490-4471_ORT-CLA-RGB-with-NIR-las14.las,train
PNOA_2016_MAD_490-4472_ORT-CLA-RGB-with-NIR-las14.las,train
PNOA_2016_MAD_490-4473_ORT-CLA-RGB-with-NIR-las14.las,val
PNOA_2016_MAD_490-4474_ORT-CLA-RGB-with-NIR-las14.las,test
PNOA_2016_MAD_490-4475_ORT-CLA-RGB-with-NIR-las14.las,test
PNOA_2016_MAD_490-4476_ORT-CLA-RGB-with-NIR-las14.las,train
PNOA_2016_MAD_490-4478_ORT-CLA-RGB-with-NIR-las14.las,train
PNOA_2016_MAD_491-4471_ORT-CLA-RGB-with-NIR-las14.las,train
PNOA_2016_MAD_491-4472_ORT-CLA-RGB-with-NIR-las14.las,train
PNOA_2016_MAD_491-4473_ORT-CLA-RGB-with-NIR-las14.las,train
PNOA_2016_MAD_491-4474_ORT-CLA-RGB-with-NIR-las14.las,train
PNOA_2016_MAD_491-4475_ORT-CLA-RGB-with-NIR-las14.las,train
PNOA_2016_MAD_491-4476_ORT-CLA-RGB-with-NIR-las14.las,val
PNOA_2017_CYL_SE_348-4608_ORT-CLA-RGB-with-NIR-las14.las,test
PNOA_2017_CYL_SE_348-4610_ORT-CLA-RGB-with-NIR-las14.las,test
PNOA_2017_CYL_SE_350-4608_ORT-CLA-RGB-with-NIR-las14.las,train
PNOA_2017_CYL_SE_350-4610_ORT-CLA-RGB-with-NIR-las14.las,train
PNOA_2017_CYL_SE_350-4612_ORT-CLA-RGB-with-NIR-las14.las,train
PNOA_2017_CYL_SE_350-4614_ORT-CLA-RGB-with-NIR-las14.las,train
PNOA_2017_CYL_SE_350-4616_ORT-CLA-RGB-with-NIR-las14.las,train
PNOA_2017_CYL_SE_352-4608_ORT-CLA-RGB-with-NIR-las14.las,train
PNOA_2017_CYL_SE_352-4610_ORT-CLA-RGB-with-NIR-las14.las,train
PNOA_2017_CYL_SE_352-4612_ORT-CLA-RGB-with-NIR-las14.las,val
PNOA_2017_CYL_SE_352-4616_ORT-CLA-RGB-with-NIR-las14.las,test
PNOA_2017_CYL_SE_354-4500_ORT-CLA-RGB-with-NIR-las14.las,test
PNOA_2017_CYL_SE_354-4502_ORT-CLA-RGB-with-NIR-las14.las,train
PNOA_2017_CYL_SE_354-4504_ORT-CLA-RGB-with-NIR-las14.las,train
PNOA_2017_CYL_SE_354-4506_ORT-CLA-RGB-with-NIR-las14.las,train
PNOA_2017_CYL_SE_354-4606_ORT-CLA-RGB-with-NIR-las14.las,train
PNOA_2017_CYL_SE_354-4608_ORT-CLA-RGB-with-NIR-las14.las,train
PNOA_2017_CYL_SE_354-4610_ORT-CLA-RGB-with-NIR-las14.las,train
PNOA_2017_CYL_SE_354-4612_ORT-CLA-RGB-with-NIR-las14.las,train
PNOA_2017_CYL_SE_354-4614_ORT-CLA-RGB-with-NIR-las14.las,val
PNOA_2017_CYL_SE_354-4616_ORT-CLA-RGB-with-NIR-las14.las,test
PNOA_2017_CYL_SE_354-4618_ORT-CLA-RGB-with-NIR-las14.las,test
PNOA_2017_CYL_SE_356-4500_ORT-CLA-RGB-with-NIR-las14.las,train
PNOA_2017_CYL_SE_356-4502_ORT-CLA-RGB-with-NIR-las14.las,train
PNOA_2017_CYL_SE_356-4504_ORT-CLA-RGB-with-NIR-las14.las,train
PNOA_2017_CYL_SE_356-4506_ORT-CLA-RGB-with-NIR-las14.las,train
PNOA_2017_CYL_SE_356-4604_ORT-CLA-RGB-with-NIR-las14.las,train
PNOA_2017_CYL_SE_356-4606_ORT-CLA-RGB-with-NIR-las14.las,train
PNOA_2017_CYL_SE_356-4608_ORT-CLA-RGB-with-NIR-las14.las,train
PNOA_2017_CYL_SE_356-4610_ORT-CLA-RGB-with-NIR-las14.las,val
PNOA_2017_CYL_SE_356-4612_ORT-CLA-RGB-with-NIR-las14.las,test
PNOA_2017_CYL_SE_356-4614_ORT-CLA-RGB-with-NIR-las14.las,test
PNOA_2017_CYL_SE_356-4616_ORT-CLA-RGB-with-NIR-las14.las,train
PNOA_2017_CYL_SE_356-4618_ORT-CLA-RGB-with-NIR-las14.las,train
PNOA_2017_CYL_SE_358-4500_ORT-CLA-RGB-with-NIR-las14.las,train
PNOA_2017_CYL_SE_358-4502_ORT-CLA-RGB-with-NIR-las14.las,train
PNOA_2017_CYL_SE_358-4504_ORT-CLA-RGB-with-NIR-las14.las,train
PNOA_2017_CYL_SE_358-4506_ORT-CLA-RGB-with-NIR-las14.las,train
PNOA_2017_CYL_SE_358-4606_ORT-CLA-RGB-with-NIR-las14.las,train
PNOA_2017_CYL_SE_358-4608_ORT-CLA-RGB-with-NIR-las14.las,val
PNOA_2017_CYL_SE_358-4610_ORT-CLA-RGB-with-NIR-las14.las,test
PNOA_2017_CYL_SE_358-4612_ORT-CLA-RGB-with-NIR-las14.las,test
PNOA_2017_CYL_SE_358-4614_ORT-CLA-RGB-with-NIR-las14.las,train
PNOA_2017_CYL_SE_358-4616_ORT-CLA-RGB-with-NIR-las14.las,train
PNOA_2017_CYL_SE_358-4618_ORT-CLA-RGB-with-NIR-las14.las,train
PNOA_2017_CYL_SE_360-4502_ORT-CLA-RGB-with-NIR-las14.las,train
PNOA_2017_CYL_SE_360-4504_ORT-CLA-RGB-with-NIR-las14.las,train
PNOA_2017_CYL_SE_360-4506_ORT-CLA-RGB-with-NIR-las14.las,train
PNOA_2017_CYL_SE_360-4608_ORT-CLA-RGB-with-NIR-las14.las,train
PNOA_2017_CYL_SE_360-4610_ORT-CLA-RGB-with-NIR-las14.las,val
PNOA_2017_CYL_SE_360-4612_ORT-CLA-RGB-with-NIR-las14.las,test
PNOA_2017_CYL_SE_360-4616_ORT-CLA-RGB-with-NIR-las14.las,test
PNOA_2017_CYL_SE_360-4618_ORT-CLA-RGB-with-NIR-las14.las,train
PNOA_2017_CYL_SE_362-4504_ORT-CLA-RGB-with-NIR-las14.las,train
PNOA_2017_CYL_SE_362-4506_ORT-CLA-RGB-with-NIR-las14.las,train
PNOA_2017_CYL_SE_364-4504_ORT-CLA-RGB-with-NIR-las14.las,train
PNOA_2017_CYL_SE_364-4506_ORT-CLA-RGB-with-NIR-las14.las,train
PNOA_2017_CYL_SE_402-4534_ORT-CLA-RGB-with-NIR-las14.las,train
PNOA_2017_CYL_SE_402-4536_ORT-CLA-RGB-with-NIR-las14.las,train
PNOA_2017_CYL_SE_404-4532_ORT-CLA-RGB-with-NIR-las14.las,val
PNOA_2017_CYL_SE_404-4534_ORT-CLA-RGB-with-NIR-las14.las,test
PNOA_2017_CYL_SE_404-4536_ORT-CLA-RGB-with-NIR-las14.las,test
PNOA_2017_CYL_SE_406-4530_ORT-CLA-RGB-with-NIR-las14.las,train
PNOA_2017_CYL_SE_406-4532_ORT-CLA-RGB-with-NIR-las14.las,train
PNOA_2017_CYL_SE_406-4534_ORT-CLA-RGB-with-NIR-las14.las,train
PNOA_2017_CYL_SE_406-4536_ORT-CLA-RGB-with-NIR-las14.las,train
PNOA_2017_CYL_SE_406-4538_ORT-CLA-RGB-with-NIR-las14.las,train
PNOA_2017_CYL_SE_408-4530_ORT-CLA-RGB-with-NIR-las14.las,train
PNOA_2017_CYL_SE_408-4532_ORT-CLA-RGB-with-NIR-las14.las,train
PNOA_2017_CYL_SE_408-4534_ORT-CLA-RGB-with-NIR-las14.las,val
PNOA_2017_CYL_SE_408-4536_ORT-CLA-RGB-with-NIR-las14.las,test
PNOA_2017_CYL_SE_408-4538_ORT-CLA-RGB-with-NIR-las14.las,test
PNOA_2017_CYL_SE_410-4526_ORT-CLA-RGB-with-NIR-las14.las,train
PNOA_2017_CYL_SE_410-4528_ORT-CLA-RGB-with-NIR-las14.las,train
PNOA_2017_CYL_SE_410-4530_ORT-CLA-RGB-with-NIR-las14.las,train
PNOA_2017_CYL_SE_410-4532_ORT-CLA-RGB-with-NIR-las14.las,train
PNOA_2017_CYL_SE_410-4534_ORT-CLA-RGB-with-NIR-las14.las,train
PNOA_2017_CYL_SE_410-4536_ORT-CLA-RGB-with-NIR-las14.las,train
PNOA_2017_CYL_SE_412-4524_ORT-CLA-RGB-with-NIR-las14.las,train
PNOA_2017_CYL_SE_412-4526_ORT-CLA-RGB-with-NIR-las14.las,val
PNOA_2017_CYL_SE_412-4528_ORT-CLA-RGB-with-NIR-las14.las,test
PNOA_2017_CYL_SE_412-4530_ORT-CLA-RGB-with-NIR-las14.las,test
PNOA_2017_CYL_SE_412-4532_ORT-CLA-RGB-with-NIR-las14.las,train
PNOA_2017_CYL_SE_412-4534_ORT-CLA-RGB-with-NIR-las14.las,train
PNOA_2017_CYL_SE_414-4526_ORT-CLA-RGB-with-NIR-las14.las,train
PNOA_2017_CYL_SE_414-4528_ORT-CLA-RGB-with-NIR-las14.las,train
PNOA_2017_CYL_SE_414-4530_ORT-CLA-RGB-with-NIR-las14.las,train
PNOA_2017_CYL_SE_414-4532_ORT-CLA-RGB-with-NIR-las14.las,train
PNOA_2017_CYL_SE_416-4530_ORT-CLA-RGB-with-NIR-las14.las,train
PNOA_2017_CYL_SE_436-4572_ORT-CLA-RGB-with-NIR-las14.las,val
PNOA_2017_CYL_SE_436-4574_ORT-CLA-RGB-with-NIR-las14.las,test
PNOA_2017_CYL_SE_436-4576_ORT-CLA-RGB-with-NIR-las14.las,test
PNOA_2017_CYL_SE_440-4574_ORT-CLA-RGB-with-NIR-las14.las,train
PNOA_2017_CYL_SE_440-4578_ORT-CLA-RGB-with-NIR-las14.las,train
PNOA_2017_CYL_SE_442-4576_ORT-CLA-RGB-with-NIR-las14.las,train
PNOA_2017_CYL_SE_448-4576_ORT-CLA-RGB-with-NIR-las14.las,train
PNOA_2017_CYL_SE_448-4578_ORT-CLA-RGB-with-NIR-las14.las,train
PNOA_2019_CLM_NW_480-4464_ORT-CLA-RGB-with-NIR-las14.las,train
PNOA_2019_CLM_NW_480-4466_ORT-CLA-RGB-with-NIR-las14.las,train
PNOA_2019_CLM_NW_480-4468_ORT-CLA-RGB-with-NIR-las14.las,val
PNOA_2019_CLM_NW_480-4470_ORT-CLA-RGB-with-NIR-las14.las,test
PNOA_2019_CLM_NW_480-4472_ORT-CLA-RGB-with-NIR-las14.las,test
PNOA_2019_CLM_NW_480-4474_ORT-CLA-RGB-with-NIR-las14.las,train
PNOA_2019_CLM_NW_480-4476_ORT-CLA-RGB-with-NIR-las14.las,train
PNOA_2019_CLM_NW_480-4478_ORT-CLA-RGB-with-NIR-las14.las,train
PNOA_2019_CLM_NW_480-4480_ORT-CLA-RGB-with-NIR-las14.las,train
PNOA_2019_CLM_NW_482-4462_ORT-CLA-RGB-with-NIR-las14.las,train
PNOA_2019_CLM_NW_482-4464_ORT-CLA-RGB-with-NIR-las14.las,train
PNOA_2019_CLM_NW_482-4466_ORT-CLA-RGB-with-NIR-las14.las,train
PNOA_2019_CLM_NW_482-4468_ORT-CLA-RGB-with-NIR-las14.las,val
PNOA_2019_CLM_NW_482-4470_ORT-CLA-RGB-with-NIR-las14.las,test
PNOA_2019_CLM_NW_482-4472_ORT-CLA-RGB-with-NIR-las14.las,test
PNOA_2019_CLM_NW_482-4474_ORT-CLA-RGB-with-NIR-las14.las,train
PNOA_2019_CLM_NW_482-4476_ORT-CLA-RGB-with-NIR-las14.las,train
PNOA_2019_CLM_NW_482-4478_ORT-CLA-RGB-with-NIR-las14.las,train
PNOA_2019_CLM_NW_482-4480_ORT-CLA-RGB-with-NIR-las14.las,train
PNOA_2019_CLM_NW_482-4482_ORT-CLA-RGB-with-NIR-las14.las,train
PNOA_2019_CLM_NW_482-4484_ORT-CLA-RGB-with-NIR-las14.las,train
PNOA_2019_CLM_NW_484-4462_ORT-CLA-RGB-with-NIR-las14.las,train
PNOA_2019_CLM_NW_484-4464_ORT-CLA-RGB-with-NIR-las14.las,val
PNOA_2019_CLM_NW_484-4466_ORT-CLA-RGB-with-NIR-las14.las,test
PNOA_2019_CLM_NW_484-4468_ORT-CLA-RGB-with-NIR-las14.las,test
PNOA_2019_CLM_NW_484-4470_ORT-CLA-RGB-with-NIR-las14.las,train
PNOA_2019_CLM_NW_484-4472_ORT-CLA-RGB-with-NIR-las14.las,train
PNOA_2019_CLM_NW_484-4474_ORT-CLA-RGB-with-NIR-las14.las,train
PNOA_2019_CLM_NW_484-4476_ORT-CLA-RGB-with-NIR-las14.las,train
PNOA_2019_CLM_NW_484-4478_ORT-CLA-RGB-with-NIR-las14.las,train
PNOA_2019_CLM_NW_484-4480_ORT-CLA-RGB-with-NIR-las14.las,train
PNOA_2019_CLM_NW_484-4482_ORT-CLA-RGB-with-NIR-las14.las,train
PNOA_2019_CLM_NW_484-4484_ORT-CLA-RGB-with-NIR-las14.las,val
PNOA_2019_CLM_NW_486-4460_ORT-CLA-RGB-with-NIR-las14.las,test
PNOA_2019_CLM_NW_486-4462_ORT-CLA-RGB-with-NIR-las14.las,test
PNOA_2019_CLM_NW_486-4464_ORT-CLA-RGB-with-NIR-las14.las,train
PNOA_2019_CLM_NW_486-4466_ORT-CLA-RGB-with-NIR-las14.las,train
PNOA_2019_CLM_NW_486-4468_ORT-CLA-RGB-with-NIR-las14.las,train
PNOA_2019_CLM_NW_486-4470_ORT-CLA-RGB-with-NIR-las14.las,train
PNOA_2019_CLM_NW_486-4472_ORT-CLA-RGB-with-NIR-las14.las,train
PNOA_2019_CLM_NW_486-4474_ORT-CLA-RGB-with-NIR-las14.las,train
PNOA_2019_CLM_NW_486-4476_ORT-CLA-RGB-with-NIR-las14.las,train
PNOA_2019_CLM_NW_486-4478_ORT-CLA-RGB-with-NIR-las14.las,val
PNOA_2019_CLM_NW_486-4480_ORT-CLA-RGB-with-NIR-las14.las,test
PNOA_2019_CLM_NW_486-4482_ORT-CLA-RGB-with-NIR-las14.las,test
PNOA_2019_CLM_NW_486-4484_ORT-CLA-RGB-with-NIR-las14.las,train
PNOA_2019_CLM_NW_488-4460_ORT-CLA-RGB-with-NIR-las14.las,train
PNOA_2019_CLM_NW_488-4462_ORT-CLA-RGB-with-NIR-las14.las,train
PNOA_2019_CLM_NW_488-4464_ORT-CLA-RGB-with-NIR-las14.las,train
PNOA_2019_CLM_NW_488-4466_ORT-CLA-RGB-with-NIR-las14.las,train
PNOA_2019_CLM_NW_488-4468_ORT-CLA-RGB-with-NIR-las14.las,train
PNOA_2019_CLM_NW_488-4470_ORT-CLA-RGB-with-NIR-las14.las,train
PNOA_2019_CLM_NW_488-4472_ORT-CLA-RGB-with-NIR-las14.las,val
PNOA_2019_CLM_NW_488-4474_ORT-CLA-RGB-with-NIR-las14.las,test
PNOA_2019_CLM_NW_488-4476_ORT-CLA-RGB-with-NIR-las14.las,test
PNOA_2019_CLM_NW_488-4478_ORT-CLA-RGB-with-NIR-las14.las,train
PNOA_2019_CLM_NW_488-4480_ORT-CLA-RGB-with-NIR-las14.las,train
PNOA_2019_CLM_NW_488-4482_ORT-CLA-RGB-with-NIR-las14.las,train
PNOA_2019_CLM_NW_488-4484_ORT-CLA-RGB-with-NIR-las14.las,train
PNOA_2019_CLM_NW_490-4464_ORT-CLA-RGB-with-NIR-las14.las,train
PNOA_2019_CLM_NW_490-4466_ORT-CLA-RGB-with-NIR-las14.las,train
PNOA_2019_CLM_NW_490-4468_ORT-CLA-RGB-with-NIR-las14.las,train
PNOA_2019_CLM_NW_490-4470_ORT-CLA-RGB-with-NIR-las14.las,val
PNOA_2019_CLM_NW_490-4472_ORT-CLA-RGB-with-NIR-las14.las,test
PNOA_2019_CLM_NW_490-4474_ORT-CLA-RGB-with-NIR-las14.las,test
PNOA_2019_CLM_NW_490-4476_ORT-CLA-RGB-with-NIR-las14.las,train
PNOA_2019_CLM_NW_490-4478_ORT-CLA-RGB-with-NIR-las14.las,train
PNOA_2019_CLM_NW_490-4480_ORT-CLA-RGB-with-NIR-las14.las,train
PNOA_2019_CLM_NW_490-4482_ORT-CLA-RGB-with-NIR-las14.las,train
PNOA_2019_CLM_NW_492-4466_ORT-CLA-RGB-with-NIR-las14.las,train
PNOA_2019_CLM_NW_492-4468_ORT-CLA-RGB-with-NIR-las14.las,train
PNOA_2019_CLM_NW_492-4470_ORT-CLA-RGB-with-NIR-las14.las,train
PNOA_2019_CLM_NW_492-4472_ORT-CLA-RGB-with-NIR-las14.las,val
PNOA_2019_CLM_NW_492-4474_ORT-CLA-RGB-with-NIR-las14.las,test
PNOA_2019_CLM_NW_492-4476_ORT-CLA-RGB-with-NIR-las14.las,test
PNOA_2019_CLM_NW_492-4478_ORT-CLA-RGB-with-NIR-las14.las,train
PNOA_2019_CLM_NW_492-4480_ORT-CLA-RGB-with-NIR-las14.las,train
PNOA_2019_CLM_NW_492-4482_ORT-CLA-RGB-with-NIR-las14.las,train
PNOA_2019_CLM_NW_494-4470_ORT-CLA-RGB-with-NIR-las14.las,train
PNOA_2019_CLM_NW_494-4472_ORT-CLA-RGB-with-NIR-las14.las,train
PNOA_2019_CLM_NW_494-4474_ORT-CLA-RGB-with-NIR-las14.las,train
PNOA_2019_CLM_NW_494-4476_ORT-CLA-RGB-with-NIR-las14.las,train
PNOA_2019_CLM_NW_494-4478_ORT-CLA-RGB-with-NIR-las14.las,val
PNOA_2019_CLM_NW_494-4480_ORT-CLA-RGB-with-NIR-las14.las,test
PNOA_2019_CLM_NW_496-4474_ORT-CLA-RGB-with-NIR-las14.las,test
PNOA_2019_CLM_NW_496-4476_ORT-CLA-RGB-with-NIR-las14.las,train
PNOA_2019_CLM_NW_496-4478_ORT-CLA-RGB-with-NIR-las14.las,train
PNOA_2019_CLM_NW_496-4480_ORT-CLA-RGB-with-NIR-las14.las,train
PNOA_2019_CLM_NW_498-4478_ORT-CLA-RGB-with-NIR-las14.las,train
